FIPS,Percent_Rural
1001,42.0
1003,42.3
1005,67.8
1007,68.4
1009,90.0
1011,51.4
1013,71.2
1015,33.7
1017,49.1
1019,85.7
1021,86.7
1023,100.0
1025,76.0
1027,100.0
1029,100.0
1031,47.2
1033,43.9
1035,80.9
1037,100.0
1039,69.7
1041,100.0
1043,73.2
1045,50.9
1047,45.6
1049,90.1
1051,54.2
1053,63.5
1055,37.5
1057,80.2
1059,70.4
1061,89.6
1063,100.0
1065,89.2
1067,87.8
1069,33.8
1071,77.0
1073,9.8
1075,100.0
1077,49.3
1079,91.3
1081,27.4
1083,57.6
1085,100.0
1087,55.5
1089,16.4
1091,69.3
1093,88.9
1095,53.3
1097,20.0
1099,79.0
1101,10.5
1103,38.6
1105,100.0
1107,100.0
1109,51.7
1111,81.3
1113,35.4
1115,72.8
1117,22.9
1119,100.0
1121,55.8
1123,74.2
1125,25.5
1127,74.1
1129,100.0
1131,100.0
1133,84.9
2013,100.0
2016,100.0
2020,4.1
2050,73.9
2060,100.0
2068,100.0
2070,100.0
2090,30.9
2100,100.0
2105,
2110,21.5
2122,79.3
2130,23.2
2150,31.3
2158,
2164,100.0
2170,50.3
2180,66.1
2185,59.3
2188,57.5
2195,
2198,
2220,20.9
2230,
2240,100.0
2261,100.0
2275,
2282,100.0
2290,100.0
4001,74.1
4003,36.3
4005,31.5
4007,41.1
4009,46.4
4011,46.6
4012,56.3
4013,2.4
4015,23.0
4017,54.1
4019,7.5
4021,21.9
4023,26.9
4025,33.2
4027,10.4
5001,34.7
5003,51.7
5005,65.8
5007,25.2
5009,62.2
5011,49.6
5013,100.0
5015,72.8
5017,54.3
5019,54.4
5021,58.9
5023,75.5
5025,100.0
5027,57.5
5029,70.5
5031,32.2
5033,52.0
5035,20.9
5037,56.8
5039,52.6
5041,31.4
5043,48.6
5045,38.8
5047,82.6
5049,92.9
5051,36.9
5053,75.0
5055,41.5
5057,55.8
5059,66.0
5061,67.5
5063,68.6
5065,100.0
5067,65.1
5069,30.9
5071,71.4
5073,100.0
5075,63.6
5077,63.5
5079,100.0
5081,68.5
5083,71.0
5085,44.8
5087,100.0
5089,100.0
5091,40.0
5093,36.3
5095,69.0
5097,100.0
5099,69.2
5101,100.0
5103,56.4
5105,100.0
5107,48.0
5109,100.0
5111,71.1
5113,73.4
5115,54.5
5117,100.0
5119,12.3
5121,67.4
5123,51.6
5125,36.2
5127,70.4
5129,100.0
5131,20.8
5133,63.6
5135,80.1
5137,100.0
5139,54.5
5141,100.0
5143,25.5
5145,54.3
5147,100.0
5149,79.1
6001,0.4
6003,100.0
6005,60.4
6007,18.9
6009,75.4
6011,31.7
6013,0.8
6015,33.7
6017,34.7
6019,10.8
6021,40.9
6023,29.8
6025,17.4
6027,46.4
6029,10.2
6031,10.9
6033,33.1
6035,70.5
6037,0.6
6039,32.9
6041,6.5
6043,100.0
6045,45.2
6047,14.3
6049,70.0
6051,45.8
6053,9.8
6055,13.4
6057,42.1
6059,0.1
6061,13.8
6063,74.0
6065,4.6
6067,2.1
6069,24.0
6071,4.7
6073,3.3
6075,0.0
6077,8.5
6079,16.6
6081,1.9
6083,5.0
6085,1.1
6087,12.0
6089,29.3
6091,99.7
6093,65.8
6095,3.7
6097,12.4
6099,8.0
6101,14.8
6103,51.5
6105,100.0
6107,15.5
6109,49.0
6111,3.1
6113,6.9
6115,26.2
8001,3.6
8003,36.9
8005,1.6
8007,59.4
8009,100.0
8011,38.0
8013,8.9
8014,0.6
8015,37.4
8017,100.0
8019,100.0
8021,100.0
8023,100.0
8025,100.0
8027,100.0
8029,63.2
8031,0.0
8033,100.0
8035,10.3
8037,20.0
8039,100.0
8041,8.9
8043,26.4
8045,24.1
8047,100.0
8049,82.6
8051,58.6
8053,100.0
8055,56.1
8057,100.0
8059,6.9
8061,100.0
8063,48.7
8065,31.1
8067,59.9
8069,11.7
8071,40.8
8073,100.0
8075,29.2
8077,12.7
8079,100.0
8081,27.4
8083,67.2
8085,45.0
8087,32.5
8089,34.4
8091,100.0
8093,100.0
8095,100.0
8097,44.2
8099,37.9
8101,14.2
8103,100.0
8105,62.5
8107,45.2
8109,100.0
8111,100.0
8113,100.0
8115,100.0
8117,19.5
8119,62.6
8121,100.0
8123,20.5
8125,64.9
9001,4.6
9003,5.4
9005,41.4
9007,24.5
9009,3.6
9011,25.8
9013,38.2
9015,49.8
10001,27.0
10003,4.6
10005,41.3
11001,0.0
12001,21.2
12003,59.5
12005,12.0
12007,75.5
12009,5.1
12011,0.0
12013,67.5
12015,8.9
12017,34.5
12019,15.0
12021,8.5
12023,62.1
12027,46.2
12029,77.0
12031,2.9
12033,8.3
12035,10.3
12037,68.0
12039,65.4
12041,83.9
12043,70.6
12045,77.1
12047,63.5
12049,47.8
12051,37.9
12053,19.4
12055,21.1
12057,3.5
12059,78.8
12061,5.0
12063,75.4
12065,100.0
12067,100.0
12069,19.3
12071,5.8
12073,12.3
12075,92.0
12077,100.0
12079,80.0
12081,5.8
12083,31.0
12085,8.5
12086,0.4
12087,8.7
12089,48.1
12091,12.1
12093,36.5
12095,2.0
12097,7.8
12099,1.0
12101,9.5
12103,0.3
12105,13.5
12107,56.2
12109,23.8
12111,3.4
12113,21.0
12115,4.3
12117,3.2
12119,35.0
12121,83.2
12123,69.3
12125,67.4
12127,9.9
12129,61.7
12131,63.1
12133,84.6
13001,71.4
13003,100.0
13005,69.3
13007,100.0
13009,35.1
13011,93.8
13013,30.1
13015,35.2
13017,34.0
13019,76.1
13021,14.4
13023,51.6
13025,99.4
13027,71.0
13029,52.3
13031,48.3
13033,75.0
13035,77.9
13037,100.0
13039,31.4
13043,67.0
13045,41.8
13047,28.1
13049,51.0
13051,4.5
13053,29.5
13055,57.6
13057,17.1
13059,5.9
13061,100.0
13063,0.9
13065,60.4
13067,0.2
13069,66.6
13071,58.9
13073,16.2
13075,59.4
13077,32.9
13079,100.0
13081,47.0
13083,72.1
13085,80.3
13087,56.5
13089,0.3
13091,72.2
13093,53.7
13095,14.0
13097,15.8
13099,66.0
13101,100.0
13103,67.1
13105,70.6
13107,66.9
13109,61.3
13111,100.0
13113,18.2
13115,36.8
13117,9.9
13119,88.9
13121,1.1
13123,87.6
13125,100.0
13127,20.6
13129,51.6
13131,62.4
13133,82.7
13135,0.5
13137,58.8
13139,20.6
13141,61.6
13143,77.4
13145,96.7
13147,74.5
13149,100.0
13151,13.9
13153,10.0
13155,64.7
13157,60.0
13159,81.8
13161,69.5
13163,80.7
13165,66.1
13167,65.4
13169,67.7
13171,60.9
13173,71.1
13175,56.6
13177,36.2
13179,23.2
13181,100.0
13183,81.3
13185,27.2
13187,83.9
13189,61.0
13191,74.3
13193,53.2
13195,91.9
13197,100.0
13199,83.3
13201,100.0
13205,54.5
13207,80.2
13209,98.7
13211,75.4
13213,70.1
13215,3.0
13217,31.2
13219,50.3
13221,99.3
13223,20.1
13225,38.2
13227,73.1
13229,79.4
13231,99.0
13233,51.4
13235,66.7
13237,80.9
13239,73.1
13241,79.3
13243,50.6
13245,9.2
13247,14.9
13249,100.0
13251,78.9
13253,68.6
13255,41.6
13257,58.6
13259,100.0
13261,41.8
13263,93.9
13265,100.0
13267,68.2
13269,100.0
13271,47.0
13273,52.1
13275,46.0
13277,40.8
13279,51.1
13281,100.0
13283,58.9
13285,44.3
13287,49.7
13289,100.0
13291,100.0
13293,46.9
13295,43.9
13297,42.7
13299,29.4
13301,100.0
13303,65.6
13305,57.9
13307,100.0
13309,100.0
13311,83.8
13313,29.1
13315,100.0
13317,67.4
13319,100.0
13321,69.2
15001,38.0
15003,0.9
15005,100.0
15007,12.9
15009,14.6
16001,5.5
16003,100.0
16005,15.7
16007,100.0
16009,71.9
16011,56.0
16013,32.8
16015,100.0
16017,72.4
16019,13.0
16021,76.2
16023,100.0
16025,100.0
16027,19.9
16029,59.9
16031,51.5
16033,100.0
16035,58.6
16037,100.0
16039,26.9
16041,66.2
16043,72.0
16045,45.0
16047,58.1
16049,80.6
16051,66.6
16053,51.3
16055,24.2
16057,35.0
16059,61.1
16061,100.0
16063,100.0
16065,28.5
16067,44.2
16069,19.2
16071,100.0
16073,77.3
16075,42.7
16077,42.6
16079,56.0
16081,100.0
16083,28.0
16085,100.0
16087,45.6
17001,32.6
17003,61.9
17005,60.7
17007,19.4
17009,41.1
17011,57.4
17013,100.0
17015,81.9
17017,52.1
17019,12.7
17021,43.5
17023,59.5
17025,64.7
17027,48.8
17029,24.3
17031,0.0
17033,60.2
17035,100.0
17037,20.3
17039,48.8
17041,61.6
17043,0.0
17045,51.8
17047,100.0
17049,59.7
17051,67.0
17053,41.8
17055,48.6
17057,60.0
17059,100.0
17061,70.8
17063,24.4
17065,68.1
17067,71.0
17069,100.0
17071,99.7
17073,50.3
17075,71.7
17077,37.2
17079,69.9
17081,58.8
17083,60.6
17085,72.6
17087,100.0
17089,3.6
17091,24.5
17093,10.4
17095,24.3
17097,1.3
17099,30.2
17101,58.0
17103,53.2
17105,40.8
17107,39.9
17109,29.5
17111,9.9
17113,16.5
17115,15.3
17117,58.5
17119,13.3
17121,45.1
17123,100.0
17125,77.5
17127,50.5
17129,75.7
17131,77.8
17133,41.4
17135,41.6
17137,36.2
17139,69.2
17141,47.1
17143,14.6
17145,43.6
17147,67.7
17149,72.3
17151,100.0
17153,100.0
17155,100.0
17157,42.6
17159,43.5
17161,10.9
17163,9.8
17165,43.7
17167,14.1
17169,57.6
17171,100.0
17173,77.7
17175,100.0
17177,40.1
17179,20.4
17181,65.9
17183,31.3
17185,38.9
17187,45.5
17189,73.6
17191,69.9
17193,62.0
17195,37.3
17197,3.9
17199,34.8
17201,7.9
17203,54.9
18001,53.7
18003,11.9
18005,33.7
18007,100.0
18009,50.6
18011,34.4
18013,100.0
18015,81.4
18017,44.7
18019,20.5
18021,60.9
18023,49.8
18025,100.0
18027,60.3
18029,53.1
18031,53.8
18033,42.3
18035,22.8
18037,49.2
18039,20.6
18041,36.8
18043,20.3
18045,66.0
18047,88.9
18049,64.9
18051,53.6
18053,28.9
18055,74.8
18057,5.6
18059,30.4
18061,85.8
18063,17.8
18065,42.9
18067,21.5
18069,51.0
18071,43.7
18073,68.0
18075,55.7
18077,45.1
18079,60.2
18081,13.9
18083,36.2
18085,46.6
18087,91.6
18089,4.0
18091,35.6
18093,58.4
18095,23.1
18097,0.6
18099,63.3
18101,72.3
18103,46.5
18105,21.2
18107,52.8
18109,49.1
18111,100.0
18113,68.0
18115,100.0
18117,83.5
18119,100.0
18121,75.0
18123,55.0
18125,100.0
18127,20.8
18129,66.8
18131,80.9
18133,64.8
18135,61.9
18137,83.2
18139,61.2
18141,9.0
18143,52.7
18145,52.0
18147,100.0
18149,82.4
18151,67.2
18153,79.0
18155,100.0
18157,14.5
18159,61.6
18161,100.0
18163,9.2
18165,60.4
18167,23.8
18169,50.0
18171,77.1
18173,29.3
18175,76.8
18177,33.0
18179,50.6
18181,68.0
18183,71.2
19001,100.0
19003,100.0
19005,74.0
19007,58.3
19009,100.0
19011,80.7
19013,13.5
19015,50.6
19017,64.5
19019,68.5
19021,43.9
19023,100.0
19025,100.0
19027,52.0
19029,53.6
19031,83.4
19033,20.6
19035,61.4
19037,73.5
19039,48.1
19041,34.3
19043,96.6
19045,32.2
19047,51.8
19049,30.6
19051,100.0
19053,100.0
19055,71.5
19057,26.7
19059,35.0
19061,27.0
19063,39.9
19065,70.6
19067,52.7
19069,60.2
19071,100.0
19073,58.2
19075,100.0
19077,100.0
19079,50.5
19081,70.0
19083,71.1
19085,81.1
19087,57.1
19089,63.0
19091,46.6
19093,100.0
19095,82.2
19097,53.3
19099,57.5
19101,38.7
19103,18.5
19105,58.0
19107,100.0
19109,65.6
19111,40.6
19113,12.7
19115,100.0
19117,56.2
19119,100.0
19121,67.8
19123,43.9
19125,48.7
19127,33.9
19129,59.6
19131,67.2
19133,71.2
19135,55.2
19137,47.9
19139,25.6
19141,66.3
19143,58.4
19145,33.4
19147,61.5
19149,62.9
19151,100.0
19153,4.9
19155,26.4
19157,52.0
19159,100.0
19161,100.0
19163,13.5
19165,59.4
19167,50.8
19169,16.9
19171,72.4
19173,100.0
19175,39.2
19177,100.0
19179,30.5
19181,42.0
19183,69.5
19185,100.0
19187,33.9
19189,66.1
19191,59.0
19193,17.5
19195,100.0
19197,56.8
20001,57.2
20003,58.8
20005,34.2
20007,100.0
20009,31.8
20011,48.0
20013,68.4
20015,40.5
20017,100.0
20019,100.0
20021,49.1
20023,100.0
20025,100.0
20027,49.5
20029,44.0
20031,70.9
20033,100.0
20035,31.0
20037,34.9
20039,100.0
20041,64.3
20043,70.2
20045,11.0
20047,100.0
20049,100.0
20051,25.6
20053,54.1
20055,18.6
20057,19.3
20059,52.1
20061,11.7
20063,100.0
20065,100.0
20067,19.8
20069,100.0
20071,100.0
20073,61.3
20075,100.0
20077,100.0
20079,30.9
20081,100.0
20083,100.0
20085,75.9
20087,98.8
20089,100.0
20091,3.8
20093,100.0
20095,62.1
20097,100.0
20099,52.3
20101,100.0
20103,29.1
20105,100.0
20107,100.0
20109,100.0
20111,26.3
20113,43.5
20115,77.8
20117,71.0
20119,100.0
20121,51.0
20123,48.3
20125,43.4
20127,100.0
20129,100.0
20131,75.2
20133,45.1
20135,100.0
20137,49.0
20139,83.5
20141,100.0
20143,100.0
20145,31.7
20147,53.8
20149,58.9
20151,32.2
20153,100.0
20155,31.3
20157,100.0
20159,63.8
20161,13.8
20163,100.0
20165,100.0
20167,41.1
20169,14.6
20171,26.1
20173,7.7
20175,11.4
20177,15.8
20179,100.0
20181,24.2
20183,100.0
20185,100.0
20187,100.0
20189,31.2
20191,62.9
20193,30.8
20195,100.0
20197,100.0
20199,100.0
20201,100.0
20203,100.0
20205,72.7
20207,100.0
20209,6.1
21001,75.5
21003,78.7
21005,41.7
21007,100.0
21009,63.3
21011,100.0
21013,62.5
21015,13.3
21017,44.7
21019,25.3
21021,34.8
21023,100.0
21025,81.5
21027,100.0
21029,30.4
21031,100.0
21033,54.6
21035,48.7
21037,15.3
21039,100.0
21041,52.2
21043,79.4
21045,100.0
21047,28.6
21049,27.5
21051,78.6
21053,100.0
21055,70.8
21057,100.0
21059,27.0
21061,100.0
21063,100.0
21065,76.1
21067,3.1
21069,80.5
21071,83.9
21073,27.6
21075,64.4
21077,100.0
21079,77.9
21081,65.0
21083,69.4
21085,73.6
21087,100.0
21089,39.3
21091,89.3
21093,34.2
21095,54.2
21097,65.9
21099,87.2
21101,38.2
21103,100.0
21105,100.0
21107,47.1
21109,100.0
21111,1.4
21113,25.9
21115,73.0
21117,7.0
21119,100.0
21121,62.9
21123,76.0
21125,56.8
21127,77.1
21129,100.0
21131,100.0
21133,100.0
21135,100.0
21137,81.7
21139,95.4
21141,75.0
21143,100.0
21145,27.8
21147,100.0
21149,100.0
21151,38.5
21153,100.0
21155,71.5
21157,85.9
21159,100.0
21161,55.4
21163,85.9
21165,100.0
21167,59.1
21169,100.0
21171,100.0
21173,59.1
21175,100.0
21177,68.4
21179,56.9
21181,100.0
21183,73.5
21185,20.3
21187,100.0
21189,100.0
21191,100.0
21193,74.1
21195,87.8
21197,67.1
21199,53.9
21201,100.0
21203,83.7
21205,68.8
21207,100.0
21209,32.5
21211,47.0
21213,45.2
21215,100.0
21217,52.2
21219,100.0
21221,79.4
21223,94.7
21225,65.3
21227,31.2
21229,100.0
21231,67.7
21233,100.0
21235,65.2
21237,100.0
21239,36.2
22001,51.7
22003,69.4
22005,13.2
22007,45.0
22009,63.8
22011,66.5
22013,79.8
22015,24.3
22017,14.4
22019,20.5
22021,100.0
22023,100.0
22025,100.0
22027,82.4
22029,33.5
22031,77.3
22033,6.9
22035,34.6
22037,100.0
22039,61.1
22041,74.2
22043,85.6
22045,28.1
22047,59.2
22049,65.5
22051,1.1
22053,50.7
22055,8.3
22057,24.2
22059,73.2
22061,40.7
22063,41.1
22065,22.4
22067,50.0
22069,50.1
22071,0.6
22073,24.2
22075,19.5
22077,57.8
22079,39.5
22081,100.0
22083,66.0
22085,88.2
22087,4.3
22089,11.5
22091,100.0
22093,27.7
22095,13.4
22097,48.2
22099,49.6
22101,13.0
22103,23.2
22105,40.9
22107,100.0
22109,20.6
22111,82.9
22113,54.6
22115,49.9
22117,66.7
22119,53.0
22121,30.5
22123,100.0
22125,100.0
22127,64.9
23001,43.4
23003,80.3
23005,36.1
23007,83.0
23009,90.1
23011,62.8
23013,67.9
23015,100.0
23017,83.1
23019,57.7
23021,100.0
23023,61.7
23025,80.5
23027,91.3
23029,92.4
23031,56.8
24001,27.3
24003,5.3
24005,6.5
24009,38.7
24011,76.0
24013,39.5
24015,42.1
24017,29.5
24019,56.2
24021,25.2
24023,83.9
24025,17.8
24027,9.3
24029,72.6
24031,2.4
24033,2.0
24035,54.5
24037,50.4
24039,45.8
24041,54.7
24043,29.5
24045,25.8
24047,35.5
24510,0.0
25001,7.5
25003,31.6
25005,9.8
25007,39.0
25009,4.2
25011,54.4
25013,8.6
25015,27.4
25017,3.0
25019,18.9
25021,1.2
25023,10.3
25025,0.1
25027,18.4
26001,98.9
26003,69.0
26005,64.5
26007,51.8
26009,100.0
26011,100.0
26013,100.0
26015,77.1
26017,30.3
26019,100.0
26021,32.9
26023,62.7
26025,31.0
26027,71.2
26029,70.4
26031,82.7
26033,48.9
26035,70.6
26037,52.9
26039,72.6
26041,43.8
26043,32.8
26045,38.0
26047,74.9
26049,16.8
26051,88.6
26053,68.2
26055,48.0
26057,60.2
26059,69.1
26061,37.8
26063,89.5
26065,13.2
26067,60.5
26069,58.9
26071,72.9
26073,46.6
26075,41.8
26077,17.5
26079,84.4
26081,15.7
26083,100.0
26085,100.0
26087,77.3
26089,91.3
26091,51.8
26093,36.9
26095,51.4
26097,77.2
26099,2.8
26101,61.2
26103,41.5
26105,62.7
26107,66.7
26109,64.3
26111,42.8
26113,100.0
26115,37.6
26117,84.6
26119,100.0
26121,23.3
26123,83.8
26125,4.8
26127,89.9
26129,100.0
26131,100.0
26133,100.0
26135,100.0
26137,65.7
26139,20.3
26141,80.9
26143,66.1
26145,31.1
26147,38.6
26149,54.4
26151,90.2
26153,59.0
26155,55.0
26157,84.2
26159,70.9
26161,16.4
26163,0.7
26165,64.3
27001,100.0
27003,13.5
27005,75.5
27007,67.1
27009,40.0
27011,100.0
27013,26.9
27015,34.9
27017,55.2
27019,18.8
27021,100.0
27023,50.3
27025,55.6
27027,27.9
27029,100.0
27031,100.0
27033,62.3
27035,62.7
27037,4.9
27039,51.8
27041,52.8
27043,77.6
27045,93.3
27047,42.8
27049,47.0
27051,100.0
27053,2.2
27055,57.4
27057,83.4
27059,62.3
27061,79.4
27063,69.1
27065,77.4
27067,44.5
27069,100.0
27071,47.0
27073,100.0
27075,67.0
27077,100.0
27079,62.2
27081,100.0
27083,47.9
27085,46.6
27087,100.0
27089,100.0
27091,54.0
27093,65.5
27095,70.8
27097,72.8
27099,35.9
27101,100.0
27103,25.6
27105,41.0
27107,100.0
27109,16.6
27111,73.6
27113,36.2
27115,89.3
27117,57.3
27119,48.5
27121,100.0
27123,0.2
27125,100.0
27127,69.1
27129,100.0
27131,25.9
27133,52.3
27135,82.3
27137,37.1
27139,17.2
27141,44.2
27143,100.0
27145,36.9
27147,30.6
27149,47.3
27151,67.4
27153,78.4
27155,100.0
27157,64.5
27159,67.0
27161,50.2
27163,14.5
27165,59.1
27167,50.1
27169,34.5
27171,32.5
27173,80.8
28001,37.2
28003,66.4
28005,100.0
28007,64.3
28009,100.0
28011,54.0
28013,100.0
28015,100.0
28017,85.3
28019,100.0
28021,100.0
28023,100.0
28025,55.5
28027,32.0
28029,65.6
28031,100.0
28033,20.4
28035,29.6
28037,100.0
28039,88.3
28041,100.0
28043,52.2
28045,42.6
28047,22.8
28049,15.3
28051,86.8
28053,49.8
28055,100.0
28057,86.3
28059,27.3
28061,100.0
28063,100.0
28065,100.0
28067,61.4
28069,100.0
28071,45.6
28073,50.4
28075,48.3
28077,100.0
28079,81.2
28081,45.4
28083,17.7
28085,69.5
28087,42.6
28089,28.0
28091,73.1
28093,83.4
28095,69.6
28097,59.8
28099,73.9
28101,87.1
28103,74.0
28105,36.4
28107,78.9
28109,69.9
28111,100.0
28113,59.4
28115,84.0
28117,76.1
28119,57.0
28121,33.9
28123,72.2
28125,100.0
28127,84.8
28129,100.0
28131,78.8
28133,45.8
28135,80.9
28137,77.4
28139,83.8
28141,100.0
28143,66.0
28145,75.6
28147,100.0
28149,40.9
28151,17.5
28153,79.6
28155,100.0
28157,100.0
28159,75.9
28161,79.3
28163,44.6
29001,37.9
29003,61.3
29005,100.0
29007,41.2
29009,73.3
29011,64.0
29013,77.3
29015,86.5
29017,100.0
29019,18.8
29021,13.4
29023,52.2
29025,100.0
29027,62.0
29029,74.2
29031,30.5
29033,64.5
29035,100.0
29037,32.4
29039,75.3
29041,100.0
29043,44.8
29045,100.0
29047,9.8
29049,76.2
29051,29.1
29053,53.2
29055,73.3
29057,100.0
29059,81.9
29061,100.0
29063,62.4
29065,68.6
29067,79.1
29069,50.5
29071,55.6
29073,80.9
29075,100.0
29077,14.0
29079,45.5
29081,70.4
29083,49.5
29085,100.0
29087,100.0
29089,64.1
29091,72.2
29093,74.9
29095,3.8
29097,23.7
29099,30.2
29101,50.4
29103,100.0
29105,60.5
29107,56.9
29109,58.7
29111,100.0
29113,74.8
29115,66.5
29117,36.6
29119,100.0
29121,67.8
29123,65.5
29125,100.0
29127,24.8
29129,100.0
29131,79.8
29133,32.7
29135,52.7
29137,100.0
29139,78.5
29141,100.0
29143,56.9
29145,64.4
29147,43.4
29149,80.5
29151,100.0
29153,100.0
29155,49.3
29157,55.6
29159,37.8
29161,46.2
29163,54.4
29165,15.8
29167,68.9
29169,44.0
29171,100.0
29173,96.1
29175,45.2
29177,75.2
29179,100.0
29181,100.0
29183,5.8
29185,100.0
29186,76.1
29187,39.8
29189,1.1
29195,45.8
29197,100.0
29199,100.0
29201,41.6
29203,100.0
29205,100.0
29207,69.8
29209,88.7
29211,100.0
29213,43.9
29215,99.2
29217,58.3
29219,63.0
29221,80.5
29223,100.0
29225,73.9
29227,100.0
29229,76.6
29510,0.0
30001,50.2
30003,71.9
30005,100.0
30007,100.0
30009,100.0
30011,100.0
30013,19.8
30015,100.0
30017,17.9
30019,100.0
30021,27.6
30023,33.6
30025,100.0
30027,47.4
30029,51.5
30031,33.5
30033,100.0
30035,44.0
30037,100.0
30039,100.0
30041,40.0
30043,100.0
30045,100.0
30047,83.4
30049,28.9
30051,100.0
30053,79.8
30055,100.0
30057,100.0
30059,100.0
30061,100.0
30063,22.3
30065,100.0
30067,47.7
30069,100.0
30071,100.0
30073,58.1
30075,100.0
30077,54.2
30079,100.0
30081,84.6
30083,44.2
30085,39.7
30087,100.0
30089,100.0
30091,100.0
30093,11.4
30095,100.0
30097,100.0
30099,100.0
30101,43.0
30103,100.0
30105,55.2
30107,100.0
30109,100.0
30111,16.7
31001,22.5
31003,100.0
31005,100.0
31007,100.0
31009,100.0
31011,100.0
31013,25.0
31015,100.0
31017,100.0
31019,32.3
31021,100.0
31023,65.7
31025,73.0
31027,100.0
31029,100.0
31031,52.5
31033,36.3
31035,100.0
31037,40.5
31039,65.2
31041,67.7
31043,21.1
31045,39.9
31047,26.7
31049,100.0
31051,100.0
31053,25.1
31055,2.2
31057,100.0
31059,100.0
31061,100.0
31063,100.0
31065,100.0
31067,44.4
31069,100.0
31071,100.0
31073,100.0
31075,100.0
31077,100.0
31079,14.6
31081,51.1
31083,100.0
31085,100.0
31087,100.0
31089,64.7
31091,100.0
31093,100.0
31095,48.2
31097,100.0
31099,54.6
31101,47.1
31103,100.0
31105,100.0
31107,100.0
31109,8.3
31111,30.5
31113,100.0
31115,100.0
31117,100.0
31119,27.9
31121,58.9
31123,100.0
31125,100.0
31127,52.1
31129,100.0
31131,55.1
31133,100.0
31135,100.0
31137,41.9
31139,100.0
31141,31.4
31143,100.0
31145,31.6
31147,50.6
31149,100.0
31151,51.1
31153,5.3
31155,66.5
31157,29.8
31159,60.4
31161,100.0
31163,100.0
31165,100.0
31167,73.5
31169,100.0
31171,100.0
31173,100.0
31175,100.0
31177,61.2
31179,42.1
31181,100.0
31183,100.0
31185,44.1
32001,34.7
32003,1.3
32005,31.6
32007,37.9
32009,100.0
32011,100.0
32013,37.9
32015,39.0
32017,100.0
32019,36.9
32021,31.9
32023,35.3
32027,100.0
32029,92.6
32031,4.3
32033,53.3
32510,4.8
33001,66.3
33003,90.2
33005,65.0
33007,66.2
33009,68.7
33011,21.2
33013,54.6
33015,24.9
33017,32.4
33019,64.2
34001,12.7
34003,0.1
34005,6.7
34007,1.6
34009,17.5
34011,23.0
34013,0.0
34015,8.3
34017,0.0
34019,49.6
34021,3.5
34023,0.7
34025,3.7
34027,6.8
34029,2.9
34031,2.4
34033,45.3
34035,5.8
34037,39.8
34039,0.0
34041,37.6
35001,4.2
35003,100.0
35005,24.2
35006,55.3
35007,52.4
35009,14.1
35011,100.0
35013,19.3
35015,20.9
35017,42.4
35019,44.1
35021,100.0
35023,100.0
35025,21.0
35027,53.2
35028,11.2
35029,40.6
35031,57.4
35033,100.0
35035,29.6
35037,41.6
35039,49.8
35041,36.5
35043,17.1
35045,33.7
35047,46.9
35049,25.2
35051,34.0
35053,49.7
35055,58.4
35057,98.8
35059,100.0
35061,16.7
36001,9.7
36003,78.7
36005,0.0
36007,26.1
36009,61.8
36011,55.8
36013,43.9
36015,24.2
36017,83.4
36019,64.2
36021,73.3
36023,44.3
36025,78.4
36027,25.4
36029,9.4
36031,74.9
36033,62.7
36035,50.4
36037,59.9
36039,73.1
36041,100.0
36043,51.8
36045,48.0
36047,0.0
36049,86.8
36051,54.7
36053,58.9
36055,6.4
36057,40.9
36059,0.2
36061,0.0
36063,22.4
36065,33.0
36067,12.6
36069,47.5
36071,22.3
36073,60.9
36075,61.8
36077,70.6
36079,20.5
36081,0.0
36083,30.5
36085,0.0
36087,0.7
36089,62.0
36091,30.0
36093,8.2
36095,82.8
36097,81.2
36099,58.7
36101,60.4
36103,2.6
36105,74.2
36107,65.7
36109,43.3
36111,46.0
36113,33.9
36115,67.9
36117,60.7
36119,3.3
36121,64.1
36123,71.2
37001,28.6
37003,72.8
37005,100.0
37007,78.5
37009,84.9
37011,88.8
37013,65.6
37015,83.2
37017,91.2
37019,43.0
37021,24.1
37023,42.7
37025,19.3
37027,34.4
37029,99.5
37031,32.6
37033,99.2
37035,30.3
37037,65.9
37039,100.0
37041,67.6
37043,100.0
37045,55.8
37047,80.6
37049,27.7
37051,13.4
37053,98.3
37055,29.0
37057,47.4
37059,70.3
37061,86.5
37063,5.6
37065,45.3
37067,7.3
37069,85.3
37071,19.6
37073,100.0
37075,100.0
37077,54.7
37079,100.0
37081,12.7
37083,54.7
37085,55.9
37087,55.4
37089,33.3
37091,68.6
37093,43.2
37095,100.0
37097,37.9
37099,73.1
37101,52.0
37103,100.0
37105,42.8
37107,45.0
37109,54.6
37111,70.3
37113,80.0
37115,90.6
37117,78.1
37119,1.1
37121,82.6
37123,76.8
37125,50.7
37127,47.6
37129,2.2
37131,89.4
37133,26.3
37135,28.5
37137,100.0
37139,41.3
37141,68.8
37143,100.0
37145,75.5
37147,25.4
37149,92.3
37151,56.2
37153,45.5
37155,62.6
37157,61.9
37159,38.8
37161,61.0
37163,85.0
37165,48.4
37167,67.7
37169,75.7
37171,68.8
37173,100.0
37175,59.6
37177,100.0
37179,27.3
37181,54.1
37183,6.1
37185,100.0
37187,67.8
37189,55.4
37191,46.4
37193,72.8
37195,38.7
37197,84.7
37199,100.0
38001,100.0
38003,39.6
38005,100.0
38007,100.0
38009,100.0
38011,100.0
38013,100.0
38015,18.5
38017,10.4
38019,100.0
38021,100.0
38023,100.0
38025,100.0
38027,100.0
38029,100.0
38031,100.0
38033,100.0
38035,16.8
38037,100.0
38039,100.0
38041,100.0
38043,100.0
38045,100.0
38047,100.0
38049,100.0
38051,100.0
38053,100.0
38055,100.0
38057,65.0
38059,31.9
38061,100.0
38063,100.0
38065,100.0
38067,100.0
38069,35.2
38071,35.0
38073,100.0
38075,100.0
38077,52.0
38079,100.0
38081,100.0
38083,100.0
38085,100.0
38087,100.0
38089,27.3
38091,100.0
38093,27.6
38095,100.0
38097,100.0
38099,62.1
38101,21.9
38103,100.0
38105,32.5
39001,89.0
39003,25.9
39005,61.9
39007,46.4
39009,43.2
39011,39.1
39013,54.7
39015,76.6
39017,9.3
39019,71.0
39021,70.8
39023,23.6
39025,22.7
39027,54.6
39029,43.9
39031,61.5
39033,35.3
39035,0.6
39037,66.3
39039,43.9
39041,19.3
39043,26.5
39045,34.7
39047,47.8
39049,1.4
39051,56.2
39053,81.4
39055,64.0
39057,14.9
39059,61.4
39061,2.2
39063,31.1
39065,55.4
39067,84.1
39069,69.1
39071,73.0
39073,70.8
39075,93.0
39077,50.3
39079,64.6
39081,39.0
39083,55.7
39085,6.5
39087,45.9
39089,35.5
39091,56.9
39093,11.7
39095,4.7
39097,48.5
39099,15.2
39101,30.3
39103,29.8
39105,81.3
39107,61.4
39109,30.8
39111,97.7
39113,4.3
39115,81.5
39117,88.8
39119,47.0
39121,62.5
39123,49.4
39125,81.9
39127,75.2
39129,49.9
39131,74.2
39133,32.8
39135,69.2
39137,84.7
39139,32.1
39141,58.7
39143,44.1
39145,54.3
39147,47.5
39149,51.1
39151,13.5
39153,3.9
39155,27.3
39157,41.6
39159,50.0
39161,50.7
39163,100.0
39165,17.3
39167,56.6
39169,51.0
39171,63.6
39173,29.5
39175,57.4
40001,83.3
40003,100.0
40005,100.0
40007,100.0
40009,32.7
40011,57.4
40013,61.3
40015,80.0
40017,22.5
40019,56.1
40021,60.0
40023,66.9
40025,100.0
40027,16.9
40029,100.0
40031,21.8
40033,59.5
40035,60.1
40037,53.9
40039,30.3
40041,81.1
40043,100.0
40045,100.0
40047,21.4
40049,68.7
40051,63.9
40053,100.0
40055,52.7
40057,100.0
40059,100.0
40061,77.7
40063,58.8
40065,24.8
40067,100.0
40069,100.0
40071,24.5
40073,72.4
40075,61.7
40077,73.3
40079,72.9
40081,92.1
40083,55.4
40085,100.0
40087,77.2
40089,69.3
40091,87.3
40093,100.0
40095,72.1
40097,77.4
40099,45.7
40101,41.1
40103,56.3
40105,57.9
40107,74.1
40109,6.3
40111,48.6
40113,59.5
40115,49.3
40117,81.1
40119,33.7
40121,51.9
40123,53.6
40125,50.7
40127,100.0
40129,100.0
40131,50.3
40133,64.7
40135,66.6
40137,43.3
40139,45.1
40141,51.2
40143,4.8
40145,37.5
40147,23.9
40149,75.3
40151,36.7
40153,43.5
41001,41.0
41003,18.8
41005,18.1
41007,39.0
41009,43.6
41011,38.4
41013,48.0
41015,38.7
41017,27.6
41019,41.2
41021,100.0
41023,100.0
41025,44.3
41027,52.2
41029,20.1
41031,63.1
41033,45.0
41035,37.6
41037,63.3
41039,17.5
41041,37.6
41043,31.6
41045,48.4
41047,13.1
41049,45.9
41051,1.3
41053,19.9
41055,100.0
41057,69.6
41059,29.1
41061,42.1
41063,100.0
41065,33.1
41067,5.6
41069,100.0
41071,22.6
42001,53.7
42003,2.5
42005,67.5
42007,25.8
42009,83.8
42011,23.7
42013,23.4
42015,72.2
42017,8.8
42019,42.0
42021,32.0
42023,47.4
42025,47.2
42027,32.2
42029,13.3
42031,76.6
42033,53.8
42035,45.7
42037,40.9
42039,63.7
42041,22.2
42043,13.3
42045,0.5
42047,55.7
42049,20.0
42051,47.9
42053,100.0
42055,40.4
42057,100.0
42059,66.8
42061,68.7
42063,60.1
42065,61.5
42067,82.3
42069,16.3
42071,21.3
42073,40.3
42075,26.6
42077,7.9
42079,20.0
42081,36.3
42083,63.5
42085,44.5
42087,50.5
42089,38.4
42091,2.9
42093,53.8
42095,12.8
42097,34.9
42099,88.5
42101,0.0
42103,70.8
42105,100.0
42107,36.5
42109,66.8
42111,70.8
42113,100.0
42115,84.0
42117,90.1
42119,42.8
42121,54.8
42123,55.0
42125,30.8
42127,88.1
42129,25.4
42131,83.5
42133,24.7
44001,1.1
44003,8.0
44005,12.1
44007,5.5
44009,30.8
45001,78.6
45003,37.0
45005,68.3
45007,37.9
45009,54.5
45011,82.5
45013,19.6
45015,29.0
45017,100.0
45019,10.9
45021,61.0
45023,71.8
45025,73.8
45027,85.7
45029,75.6
45031,57.8
45033,69.5
45035,19.5
45037,73.3
45039,78.3
45041,38.5
45043,41.5
45045,12.6
45047,39.8
45049,78.5
45051,30.4
45053,66.7
45055,57.7
45057,50.0
45059,64.2
45061,72.0
45063,25.3
45065,100.0
45067,60.8
45069,55.0
45071,67.8
45073,64.9
45075,63.8
45077,35.8
45079,9.1
45081,80.5
45083,27.4
45085,32.0
45087,65.4
45089,81.9
45091,23.0
46003,100.0
46005,27.4
46007,100.0
46009,100.0
46011,29.7
46013,28.9
46015,100.0
46017,100.0
46019,48.2
46021,100.0
46023,100.0
46025,100.0
46027,24.3
46029,22.5
46031,100.0
46033,100.0
46035,23.3
46037,100.0
46039,100.0
46041,64.1
46043,100.0
46045,100.0
46047,50.0
46049,100.0
46051,55.4
46053,100.0
46055,100.0
46057,100.0
46059,100.0
46061,100.0
46063,100.0
46065,25.3
46067,100.0
46069,100.0
46071,100.0
46073,100.0
46075,100.0
46077,100.0
46079,44.9
46081,36.9
46083,29.3
46085,100.0
46087,100.0
46089,100.0
46091,100.0
46093,38.0
46095,100.0
46097,100.0
46099,13.6
46101,100.0
46102,
46103,20.8
46105,100.0
46107,100.0
46109,100.0
46111,100.0
46115,100.0
46117,42.5
46119,100.0
46121,100.0
46123,48.5
46125,100.0
46127,61.4
46129,36.4
46135,34.8
46137,73.5
47001,34.7
47003,55.6
47005,78.5
47007,100.0
47009,32.6
47011,33.0
47013,55.0
47015,81.1
47017,83.1
47019,41.0
47021,83.0
47023,65.2
47025,71.6
47027,100.0
47029,67.5
47031,47.3
47033,67.4
47035,60.9
47037,3.4
47039,100.0
47041,78.4
47043,67.8
47045,42.9
47047,79.0
47049,100.0
47051,69.6
47053,47.7
47055,73.7
47057,100.0
47059,65.2
47061,100.0
47063,21.9
47065,10.0
47067,100.0
47069,80.2
47071,67.9
47073,57.9
47075,47.4
47077,76.4
47079,66.8
47081,100.0
47083,100.0
47085,82.5
47087,100.0
47089,59.5
47091,85.2
47093,10.9
47095,100.0
47097,58.7
47099,75.9
47101,70.2
47103,72.5
47105,40.6
47107,60.3
47109,85.3
47111,79.6
47113,25.8
47115,77.0
47117,65.8
47119,41.6
47121,100.0
47123,76.1
47125,19.7
47127,99.9
47129,99.9
47131,61.6
47133,84.2
47135,100.0
47137,100.0
47139,100.0
47141,35.0
47143,68.0
47145,51.0
47147,53.2
47149,17.0
47151,80.6
47153,73.8
47155,56.6
47157,2.8
47159,82.9
47161,100.0
47163,25.6
47165,27.9
47167,55.1
47169,100.0
47171,44.7
47173,100.0
47175,100.0
47177,61.4
47179,26.4
47181,100.0
47183,67.0
47185,78.2
47187,19.4
47189,38.5
48001,67.1
48003,16.5
48005,43.1
48007,27.3
48009,89.0
48011,100.0
48013,60.7
48015,66.3
48017,28.8
48019,100.0
48021,63.9
48023,100.0
48025,43.0
48027,15.2
48029,4.5
48031,100.0
48033,100.0
48035,81.2
48037,35.4
48039,22.5
48041,12.1
48043,34.9
48045,100.0
48047,31.8
48049,40.4
48051,76.7
48053,55.7
48055,42.3
48057,44.7
48059,72.2
48061,8.4
48063,61.5
48065,95.2
48067,74.0
48069,45.8
48071,45.7
48073,63.0
48075,33.1
48077,74.6
48079,100.0
48081,100.0
48083,51.5
48085,5.2
48087,100.0
48089,62.6
48091,46.1
48093,71.5
48095,100.0
48097,59.0
48099,19.4
48101,100.0
48103,10.7
48105,22.7
48107,100.0
48109,100.0
48111,23.5
48113,0.7
48115,16.3
48117,17.7
48119,100.0
48121,6.9
48123,49.6
48125,100.0
48127,39.5
48129,100.0
48131,67.0
48133,60.3
48135,9.5
48137,100.0
48139,32.0
48141,2.2
48143,46.3
48145,67.4
48147,70.5
48149,67.1
48151,100.0
48153,53.3
48155,100.0
48157,5.5
48159,69.1
48161,66.5
48163,22.2
48165,63.0
48167,6.1
48169,22.3
48171,53.7
48173,100.0
48175,100.0
48177,65.3
48179,19.4
48181,43.2
48183,13.4
48185,68.9
48187,26.2
48189,23.1
48191,100.0
48193,64.4
48195,40.3
48197,100.0
48199,51.5
48201,1.2
48203,56.1
48205,57.3
48207,47.6
48209,31.7
48211,27.0
48213,60.1
48215,5.1
48217,76.3
48219,39.8
48221,32.8
48223,59.6
48225,73.5
48227,20.1
48229,100.0
48231,56.6
48233,22.6
48235,100.0
48237,53.2
48239,61.8
48241,78.2
48243,100.0
48245,8.4
48247,17.4
48249,40.1
48251,37.9
48253,85.1
48255,38.4
48257,48.8
48259,58.2
48261,100.0
48263,100.0
48265,41.1
48267,44.3
48269,100.0
48271,20.5
48273,18.9
48275,100.0
48277,47.1
48279,57.7
48281,68.3
48283,46.4
48285,81.3
48287,69.7
48289,100.0
48291,63.2
48293,53.6
48295,100.0
48297,100.0
48299,45.2
48301,100.0
48303,11.3
48305,56.7
48307,35.3
48309,23.4
48311,100.0
48313,67.4
48315,100.0
48317,100.0
48319,100.0
48321,36.4
48323,9.3
48325,61.6
48327,100.0
48329,12.3
48331,56.2
48333,100.0
48335,36.7
48337,58.9
48339,22.7
48341,16.8
48343,78.4
48345,100.0
48347,46.5
48349,52.7
48351,100.0
48353,32.7
48355,6.4
48357,13.9
48359,100.0
48361,35.2
48363,50.2
48365,72.7
48367,56.1
48369,60.0
48371,39.8
48373,77.6
48375,9.0
48377,40.5
48379,93.2
48381,14.4
48383,13.3
48385,100.0
48387,75.7
48389,14.5
48391,60.7
48393,100.0
48395,73.9
48397,16.0
48399,40.8
48401,65.9
48403,100.0
48405,100.0
48407,100.0
48409,19.7
48411,49.4
48413,100.0
48415,31.7
48417,100.0
48419,79.4
48421,100.0
48423,31.6
48425,100.0
48427,23.7
48429,39.4
48431,100.0
48433,100.0
48435,18.8
48437,37.6
48439,1.3
48441,16.0
48443,100.0
48445,24.7
48447,100.0
48449,50.6
48451,15.6
48453,5.5
48455,77.2
48457,78.1
48459,79.3
48461,100.0
48463,31.4
48465,10.2
48467,75.0
48469,26.6
48471,45.6
48473,61.6
48475,27.9
48477,53.5
48479,2.6
48481,49.9
48483,100.0
48485,10.7
48487,21.9
48489,34.6
48491,12.0
48493,85.9
48495,18.1
48497,72.1
48499,74.2
48501,37.3
48503,33.6
48505,23.5
48507,38.0
49001,56.5
49003,31.1
49005,15.7
49007,33.7
49009,100.0
49011,0.9
49013,68.2
49015,73.6
49017,100.0
49019,25.4
49021,22.6
49023,43.5
49025,54.9
49027,73.9
49029,62.8
49031,100.0
49033,100.0
49035,0.9
49037,77.9
49039,40.9
49041,64.7
49043,39.2
49045,17.7
49047,46.8
49049,3.3
49051,26.9
49053,15.2
49055,100.0
49057,5.8
50001,78.4
50003,64.5
50005,74.4
50007,26.0
50009,100.0
50011,71.7
50013,100.0
50015,100.0
50017,97.2
50019,85.3
50021,61.0
50023,52.8
50025,68.2
50027,75.6
51001,100.0
51003,45.0
51005,52.4
51007,100.0
51009,63.7
51011,100.0
51013,0.0
51015,66.4
51017,100.0
51019,78.4
51021,100.0
51023,64.1
51025,75.5
51027,100.0
51029,100.0
51031,61.1
51033,78.4
51035,97.1
51036,100.0
51037,100.0
51041,5.9
51043,69.5
51045,100.0
51047,61.9
51049,96.0
51051,100.0
51053,71.2
51057,77.3
51059,1.4
51061,57.5
51063,100.0
51065,62.9
51067,89.2
51069,44.8
51071,66.3
51073,64.6
51075,97.0
51077,99.9
51079,51.2
51081,87.0
51083,77.1
51085,39.1
51087,4.3
51089,60.7
51091,100.0
51093,57.4
51095,15.9
51097,100.0
51099,73.2
51101,83.2
51103,100.0
51105,99.6
51107,12.6
51109,100.0
51111,100.0
51113,100.0
51115,100.0
51117,77.8
51119,100.0
51121,24.9
51125,100.0
51127,100.0
51131,100.0
51133,100.0
51135,52.3
51137,57.8
51139,80.2
51141,100.0
51143,85.6
51145,99.7
51147,63.2
51149,53.4
51153,4.2
51155,46.9
51157,100.0
51159,100.0
51161,18.5
51163,91.6
51165,59.3
51167,88.2
51169,82.1
51171,66.6
51173,75.3
51175,98.0
51177,32.3
51179,19.8
51181,100.0
51183,100.0
51185,51.9
51187,50.4
51191,71.7
51193,78.8
51195,56.7
51197,75.3
51199,6.1
51510,0.0
51520,0.0
51530,3.9
51540,0.0
51550,7.6
51570,0.0
51580,0.0
51590,4.5
51595,6.3
51600,0.0
51610,0.0
51620,3.3
51630,1.2
51640,13.7
51650,0.2
51660,0.0
51670,0.0
51678,0.0
51680,2.7
51683,0.0
51685,0.0
51690,0.0
51700,0.0
51710,0.0
51720,2.6
51730,2.1
51735,6.5
51740,0.0
51750,2.9
51760,0.0
51770,0.0
51775,0.0
51790,3.7
51800,21.6
51810,1.5
51820,2.5
51830,0.0
51840,0.0
53001,40.2
53003,6.7
53005,10.6
53007,27.2
53009,35.5
53011,13.8
53013,34.3
53015,28.7
53017,26.6
53019,100.0
53021,13.3
53023,100.0
53025,38.7
53027,40.1
53029,46.9
53031,57.5
53033,3.2
53035,16.7
53037,40.1
53039,60.2
53041,60.7
53043,100.0
53045,63.7
53047,80.0
53049,64.8
53051,83.1
53053,6.6
53055,100.0
53057,29.0
53059,100.0
53061,10.8
53063,13.7
53065,79.2
53067,21.0
53069,100.0
53071,17.1
53073,25.9
53075,27.5
53077,23.5
54001,83.7
54003,31.6
54005,81.4
54007,100.0
54009,42.1
54011,21.6
54013,100.0
54015,100.0
54017,100.0
54019,57.9
54021,60.7
54023,78.7
54025,69.7
54027,100.0
54029,30.3
54031,80.5
54033,37.0
54035,71.4
54037,48.4
54039,25.2
54041,69.0
54043,100.0
54045,70.8
54047,86.0
54049,41.5
54051,49.0
54053,65.0
54055,40.7
54057,64.6
54059,89.7
54061,26.9
54063,88.5
54065,100.0
54067,87.2
54069,23.1
54071,100.0
54073,54.5
54075,100.0
54077,90.5
54079,35.8
54081,39.3
54083,62.4
54085,100.0
54087,80.0
54089,72.1
54091,59.7
54093,100.0
54095,91.1
54097,64.0
54099,65.2
54101,100.0
54103,53.9
54105,100.0
54107,26.8
54109,88.9
55001,100.0
55003,54.9
55005,65.9
55007,100.0
55009,14.5
55011,100.0
55013,100.0
55015,27.5
55017,46.1
55019,91.7
55021,60.7
55023,62.4
55025,12.3
55027,48.6
55029,69.0
55031,38.8
55033,59.3
55035,23.0
55037,100.0
55039,35.1
55041,100.0
55043,64.5
55045,60.2
55047,74.3
55049,79.9
55051,67.8
55053,72.2
55055,34.1
55057,83.5
55059,10.7
55061,72.3
55063,16.8
55065,100.0
55067,59.2
55069,54.0
55071,38.9
55073,43.0
55075,61.8
55077,100.0
55078,100.0
55079,0.2
55081,57.7
55083,81.3
55085,75.0
55087,24.7
55089,24.9
55091,100.0
55093,53.6
55095,85.5
55097,36.0
55099,100.0
55101,12.3
55103,72.1
55105,20.4
55107,76.6
55109,53.2
55111,46.1
55113,84.2
55115,74.4
55117,28.3
55119,80.4
55121,89.6
55123,85.7
55125,100.0
55127,34.2
55129,83.2
55131,30.8
55133,9.9
55135,64.9
55137,89.5
55139,13.4
55141,36.7
56001,11.9
56003,100.0
56005,29.1
56007,41.6
56009,55.4
56011,100.0
56013,51.4
56015,46.0
56017,31.5
56019,49.0
56021,19.8
56023,82.7
56025,14.4
56027,100.0
56029,44.2
56031,58.6
56033,35.5
56035,100.0
56037,10.9
56039,46.4
56041,43.1
56043,36.0
56045,54.5
