FIPS,Num_Per_100k
2013,2.0
2016,0.0
2020,63.7
2050,105.5
2060,
2068,58.0
2070,136.8
2090,109.3
2100,61.3
2105,65.9
2110,63.4
2122,64.6
2130,62.3
2150,36.3
2158,29.4
2164,99.5
2170,60.9
2180,70.1
2185,91.2
2188,85.5
2195,73.4
2198,72.7
2220,63.8
2230,
2240,76.2
2261,63.8
2275,59.3
2282,
2290,66.2
1001,107.0
1003,82.5
1005,96.1
1007,112.3
1009,96.1
1011,104.6
1013,116.7
1015,103.6
1017,106.7
1019,89.0
1021,100.6
1023,104.3
1025,86.5
1027,96.9
1029,89.0
1031,81.2
1033,94.0
1035,115.9
1037,97.9
1039,104.4
1041,100.3
1043,94.0
1045,76.0
1047,108.3
1049,98.9
1051,102.0
1053,104.7
1055,96.6
1057,96.6
1059,92.3
1061,81.9
1063,96.0
1065,112.9
1067,80.1
1069,75.4
1071,102.1
1073,117.9
1075,101.1
1077,91.0
1079,92.7
1081,90.9
1083,90.3
1085,112.5
1087,100.0
1089,90.3
1091,107.5
1093,99.8
1095,95.6
1097,99.6
1099,103.3
1101,105.8
1103,91.3
1105,107.8
1107,94.4
1109,97.6
1111,93.5
1113,95.6
1115,101.4
1117,99.7
1119,101.6
1121,107.7
1123,95.2
1125,98.7
1127,106.9
1129,90.5
1131,114.3
1133,95.2
5001,110.7
5003,101.1
5005,78.6
5007,63.2
5009,59.4
5011,127.9
5013,123.3
5015,66.2
5017,135.9
5019,86.2
5021,94.6
5023,78.5
5025,119.9
5027,115.1
5029,88.5
5031,85.7
5033,79.1
5035,80.1
5037,79.2
5039,104.9
5041,111.9
5043,86.4
5045,88.4
5047,85.7
5049,77.6
5051,83.2
5053,92.7
5055,87.1
5057,103.6
5059,78.8
5061,92.2
5063,72.8
5065,70.7
5067,80.3
5069,106.6
5071,100.1
5073,101.2
5075,79.7
5077,75.3
5079,89.8
5081,97.7
5083,91.9
5085,93.9
5087,37.1
5089,87.2
5091,98.8
5093,90.1
5095,90.2
5097,84.0
5099,100.1
5101,55.9
5103,108.2
5105,87.8
5107,98.9
5109,89.5
5111,80.4
5113,84.9
5115,81.8
5117,90.3
5119,88.4
5121,83.5
5123,76.3
5125,70.7
5127,94.3
5129,70.4
5131,93.4
5133,80.4
5135,73.2
5137,68.7
5139,116.0
5141,80.2
5143,23.6
5145,84.5
5147,82.6
5149,86.2
4001,72.2
4003,64.5
4005,61.3
4007,58.9
4009,67.5
4011,66.2
4012,56.1
4013,59.0
4015,68.9
4017,73.6
4019,63.4
4021,48.5
4023,64.2
4025,59.3
4027,57.8
6001,79.1
6003,83.3
6005,70.2
6007,83.1
6009,65.9
6011,77.0
6013,83.0
6015,88.6
6017,55.8
6019,83.9
6021,82.7
6023,166.6
6025,63.5
6027,75.5
6029,73.4
6031,77.7
6033,71.5
6035,73.5
6037,65.9
6039,70.6
6041,47.1
6043,74.7
6045,66.6
6047,75.7
6049,76.3
6051,61.4
6053,62.2
6055,63.6
6057,68.7
6059,73.5
6061,71.9
6063,69.3
6065,69.9
6067,83.8
6069,71.8
6071,80.0
6073,76.9
6075,64.9
6077,99.9
6079,106.5
6081,59.2
6083,63.4
6085,59.7
6087,59.6
6089,69.1
6091,74.6
6093,78.7
6095,87.6
6097,67.6
6099,80.2
6101,88.6
6103,67.2
6105,77.8
6107,85.4
6109,65.8
6111,68.3
6113,72.5
6115,87.2
8001,72.9
8003,74.5
8005,66.9
8007,72.1
8009,60.3
8011,63.7
8013,70.9
8014,73.0
8015,52.1
8017,51.1
8019,60.6
8021,70.3
8023,41.9
8025,72.4
8027,59.8
8029,74.1
8031,71.4
8033,62.5
8035,56.2
8037,26.1
8039,60.3
8041,75.7
8043,67.5
8045,62.9
8047,71.2
8049,43.3
8051,54.8
8053,70.0
8055,57.4
8057,63.4
8059,73.3
8061,66.4
8063,53.7
8065,37.2
8067,71.8
8069,68.9
8071,59.8
8073,69.0
8075,68.2
8077,72.4
8079,72.5
8081,59.3
8083,70.3
8085,51.1
8087,72.0
8089,60.7
8091,43.2
8093,48.0
8095,51.6
8097,25.7
8099,67.7
8101,65.6
8103,58.3
8105,78.8
8107,51.6
8109,60.6
8111,65.6
8113,42.9
8115,50.3
8117,30.4
8119,56.8
8121,68.8
8123,71.2
8125,50.6
9001,47.5
9003,51.9
9005,53.7
9007,51.7
9009,59.1
9011,53.0
9013,50.5
9015,55.9
11001,71.5
10001,88.1
10003,97.1
10005,75.5
12001,75.7
12003,100.4
12005,75.5
12007,85.3
12009,83.8
12011,113.1
12013,74.9
12015,52.0
12017,111.5
12019,95.0
12021,75.2
12023,80.7
12027,51.2
12029,87.8
12031,105.4
12033,99.3
12035,92.6
12037,71.9
12039,78.9
12041,80.2
12043,58.2
12045,71.2
12047,83.3
12049,97.6
12051,64.4
12053,60.9
12055,85.7
12057,56.2
12059,82.3
12061,58.2
12063,76.0
12065,79.6
12067,82.9
12069,62.6
12071,51.2
12073,77.7
12075,97.7
12077,77.0
12079,85.0
12081,48.7
12083,50.4
12085,67.9
12086,87.1
12087,75.8
12089,98.6
12091,87.3
12093,62.6
12095,97.8
12097,96.9
12099,68.9
12101,66.9
12103,56.2
12105,98.3
12107,68.6
12109,56.9
12111,70.4
12113,94.7
12115,50.8
12117,104.8
12119,52.6
12121,83.4
12123,82.1
12125,82.0
12127,93.2
12129,73.8
12131,76.5
12133,76.2
13001,94.3
13003,90.8
13005,92.3
13007,102.4
13009,83.2
13011,86.6
13013,87.6
13015,87.8
13017,89.6
13019,91.3
13021,82.4
13023,82.1
13025,82.4
13027,91.0
13029,78.9
13031,85.5
13033,88.4
13035,98.9
13037,95.7
13039,79.8
13043,86.5
13045,82.2
13047,89.4
13049,88.2
13051,77.6
13053,96.2
13055,90.9
13057,83.2
13059,91.7
13061,87.5
13063,103.2
13065,84.6
13067,98.6
13069,94.4
13071,102.1
13073,66.9
13075,95.5
13077,74.2
13079,83.0
13081,93.9
13083,94.6
13085,71.4
13087,87.3
13089,70.0
13091,87.0
13093,75.2
13095,101.2
13097,103.7
13099,75.6
13101,81.9
13103,80.0
13105,74.8
13107,91.3
13109,79.8
13111,73.4
13113,69.2
13115,85.2
13117,62.8
13119,94.0
13121,81.6
13123,79.0
13125,90.3
13127,60.7
13129,84.2
13131,81.8
13133,76.4
13135,69.1
13137,86.0
13139,78.3
13141,81.7
13143,87.1
13145,86.7
13147,78.3
13149,80.2
13151,97.3
13153,77.6
13155,99.4
13157,87.8
13159,79.4
13161,93.0
13163,89.1
13165,91.3
13167,90.8
13169,83.1
13171,94.7
13173,85.4
13175,91.7
13177,100.7
13179,74.3
13181,69.5
13183,69.7
13185,86.3
13187,77.6
13189,81.1
13191,60.7
13193,108.4
13195,90.6
13197,87.8
13199,81.7
13201,87.6
13205,100.0
13207,92.7
13209,96.7
13211,83.1
13213,87.4
13215,92.4
13217,92.8
13219,92.1
13221,89.8
13223,99.9
13225,87.6
13227,81.0
13229,93.7
13231,108.3
13233,87.9
13235,76.7
13237,74.2
13239,93.9
13241,78.1
13243,78.4
13245,87.5
13247,82.6
13249,79.9
13251,91.7
13253,76.9
13255,100.3
13257,102.2
13259,95.5
13261,105.1
13263,101.8
13265,79.9
13267,84.4
13269,115.6
13271,88.1
13273,100.1
13275,90.6
13277,101.3
13279,91.7
13281,74.2
13283,94.1
13285,94.8
13287,96.0
13289,84.0
13291,67.5
13293,160.9
13295,90.2
13297,89.0
13299,95.2
13301,91.9
13303,88.9
13305,86.5
13307,82.6
13309,91.6
13311,79.8
13313,89.9
13315,81.0
13317,80.4
13319,87.5
13321,104.8
15001,71.8
15003,71.8
15005,66.2
15007,71.8
15009,71.8
19001,60.1
19003,64.7
19005,65.4
19007,77.4
19009,57.7
19011,43.1
19013,63.9
19015,58.0
19017,67.8
19019,58.8
19021,58.9
19023,63.4
19025,74.1
19027,72.1
19029,61.7
19031,64.9
19033,59.0
19035,59.2
19037,73.1
19039,74.6
19041,61.3
19043,62.5
19045,67.3
19047,66.8
19049,62.4
19051,73.1
19053,71.7
19055,51.3
19057,75.9
19059,64.8
19061,67.6
19063,62.6
19065,64.1
19067,64.8
19069,65.1
19071,62.8
19073,70.4
19075,68.4
19077,64.2
19079,70.8
19081,54.1
19083,65.3
19085,61.5
19087,73.7
19089,70.4
19091,68.3
19093,62.5
19095,47.8
19097,66.2
19099,63.5
19101,71.8
19103,46.1
19105,49.7
19107,67.1
19109,62.8
19111,76.3
19113,46.7
19115,62.8
19117,77.3
19119,60.3
19121,63.5
19123,71.1
19125,65.4
19127,65.3
19129,60.2
19131,63.1
19133,67.4
19135,75.2
19137,63.8
19139,60.6
19141,53.7
19143,60.0
19145,61.3
19147,61.8
19149,54.5
19151,64.6
19153,61.4
19155,63.1
19157,60.1
19159,66.5
19161,62.8
19163,68.2
19165,63.1
19167,48.0
19169,56.9
19171,61.3
19173,57.1
19175,68.3
19177,75.2
19179,74.9
19181,64.2
19183,59.8
19185,82.7
19187,74.6
19189,59.0
19191,64.9
19193,60.2
19195,60.2
19197,65.2
16001,69.3
16003,45.5
16005,81.8
16007,60.9
16009,72.9
16011,77.7
16013,64.4
16015,67.6
16017,73.5
16019,68.3
16021,81.7
16023,68.7
16025,71.8
16027,69.1
16029,75.5
16031,70.5
16033,64.8
16035,67.9
16037,57.3
16039,69.5
16041,70.9
16043,73.6
16045,65.5
16047,70.5
16049,59.7
16051,75.5
16053,71.6
16055,74.0
16057,74.9
16059,54.8
16061,63.8
16063,59.6
16065,72.8
16067,70.9
16069,70.3
16071,71.8
16073,69.6
16075,64.2
16077,73.8
16079,74.9
16081,70.8
16083,69.6
16085,48.7
16087,53.1
17001,77.8
17003,85.3
17005,85.1
17007,67.6
17009,88.6
17011,73.2
17013,61.2
17015,68.6
17017,67.2
17019,49.6
17021,63.3
17023,78.6
17025,76.3
17027,85.3
17029,74.4
17031,79.4
17033,79.7
17035,80.2
17037,72.7
17039,78.9
17041,60.3
17043,69.9
17045,65.3
17047,76.1
17049,73.7
17051,75.6
17053,70.8
17055,73.4
17057,72.7
17059,89.7
17061,72.7
17063,73.3
17065,86.1
17067,81.8
17069,95.4
17071,80.9
17073,67.2
17075,83.8
17077,73.6
17079,79.0
17081,77.1
17083,76.1
17085,66.1
17087,52.4
17089,74.5
17091,77.0
17093,70.6
17095,74.7
17097,57.2
17099,75.5
17101,77.3
17103,75.7
17105,83.9
17107,67.8
17109,90.6
17111,67.4
17113,52.8
17115,77.1
17117,81.2
17119,96.9
17121,75.6
17123,78.4
17125,70.9
17127,77.3
17129,66.9
17131,67.7
17133,83.4
17135,77.4
17137,69.4
17139,74.6
17141,73.6
17143,75.2
17145,69.0
17147,59.1
17149,79.4
17151,61.0
17153,69.4
17155,79.9
17157,80.2
17159,72.4
17161,67.1
17163,89.4
17165,102.2
17167,67.9
17169,90.6
17171,67.7
17173,72.6
17175,75.6
17177,72.5
17179,62.6
17181,71.8
17183,78.4
17185,81.0
17187,80.9
17189,84.8
17191,81.5
17193,83.8
17195,68.0
17197,75.9
17199,70.2
17201,72.9
17203,74.4
18001,72.6
18003,83.4
18005,79.5
18007,76.8
18009,82.6
18011,74.1
18013,60.2
18015,75.9
18017,80.7
18019,73.4
18021,77.8
18023,69.5
18025,82.1
18027,82.8
18029,85.8
18031,79.3
18033,82.6
18035,90.5
18037,74.4
18039,86.4
18041,78.3
18043,73.6
18045,76.4
18047,82.8
18049,83.7
18051,78.3
18053,86.7
18055,73.1
18057,68.3
18059,74.5
18061,72.2
18063,76.3
18065,89.0
18067,79.3
18069,85.0
18071,90.2
18073,72.8
18075,68.7
18077,93.3
18079,96.1
18081,74.7
18083,78.8
18085,77.8
18087,84.4
18089,77.8
18091,68.0
18093,78.9
18095,84.1
18097,75.7
18099,80.6
18101,79.0
18103,84.1
18105,59.9
18107,76.1
18109,71.3
18111,77.8
18113,82.5
18115,68.8
18117,83.9
18119,67.2
18121,76.2
18123,79.8
18125,78.2
18127,71.8
18129,80.1
18131,78.6
18133,73.9
18135,89.8
18137,74.9
18139,77.0
18141,93.8
18143,99.3
18145,76.3
18147,75.3
18149,74.5
18151,68.9
18153,80.9
18155,66.4
18157,74.4
18159,74.1
18161,90.3
18163,76.4
18165,85.6
18167,81.0
18169,89.9
18171,80.7
18173,77.5
18175,84.4
18177,87.8
18179,81.3
18181,75.3
18183,84.8
20001,78.4
20003,77.4
20005,68.4
20007,112.3
20009,55.3
20011,67.1
20013,79.4
20015,72.5
20017,72.7
20019,75.2
20021,79.6
20023,53.6
20025,67.9
20027,69.1
20029,68.5
20031,77.9
20033,99.9
20035,72.8
20037,75.2
20039,51.3
20041,75.7
20043,73.2
20045,70.2
20047,61.3
20049,79.0
20051,65.0
20053,87.7
20055,50.3
20057,73.6
20059,74.0
20061,68.1
20063,45.5
20065,49.1
20067,47.5
20069,61.5
20071,62.8
20073,76.5
20075,54.1
20077,105.6
20079,72.0
20081,56.8
20083,59.0
20085,70.7
20087,68.6
20089,69.5
20091,61.5
20093,48.6
20095,100.4
20097,74.0
20099,73.1
20101,45.5
20103,57.0
20105,87.7
20107,69.8
20109,57.7
20111,66.1
20113,80.4
20115,80.9
20117,68.3
20119,71.1
20121,55.9
20123,66.6
20125,78.7
20127,64.1
20129,69.8
20131,75.0
20133,73.1
20135,52.0
20137,55.1
20139,72.1
20141,71.4
20143,81.1
20145,53.8
20147,67.4
20149,68.6
20151,66.7
20153,51.4
20155,68.7
20157,71.5
20159,72.5
20161,66.5
20163,59.0
20165,63.0
20167,84.2
20169,82.3
20171,47.8
20173,70.4
20175,68.1
20177,70.0
20179,44.8
20181,56.6
20183,64.9
20185,62.4
20187,54.7
20189,63.2
20191,78.0
20193,54.3
20195,54.6
20197,65.6
20199,61.5
20201,72.2
20203,52.6
20205,74.9
20207,77.2
20209,88.2
21001,92.1
21003,82.1
21005,79.7
21007,78.7
21009,89.5
21011,112.1
21013,102.0
21015,74.2
21017,75.2
21019,83.6
21021,89.9
21023,99.6
21025,93.6
21027,74.3
21029,58.4
21031,78.6
21033,98.7
21035,82.6
21037,86.1
21039,83.8
21041,63.8
21043,83.9
21045,83.9
21047,96.5
21049,100.6
21051,108.8
21053,68.8
21055,97.3
21057,88.8
21059,73.1
21061,87.2
21063,76.4
21065,100.5
21067,70.1
21069,93.2
21071,77.4
21073,70.9
21075,97.2
21077,72.9
21079,86.3
21081,72.4
21083,98.4
21085,82.6
21087,97.2
21089,86.7
21091,77.1
21093,63.7
21095,109.7
21097,111.1
21099,86.8
21101,77.6
21103,59.1
21105,90.9
21107,106.2
21109,87.7
21111,70.0
21113,76.1
21115,130.0
21117,80.8
21119,75.1
21121,74.3
21123,81.8
21125,83.2
21127,97.8
21129,103.6
21131,116.2
21133,81.4
21135,94.5
21137,81.5
21139,85.2
21141,75.1
21143,91.4
21145,76.9
21147,78.9
21149,77.7
21151,89.9
21153,76.2
21155,90.2
21157,100.1
21159,94.8
21161,111.7
21163,69.9
21165,92.7
21167,81.5
21169,97.6
21171,102.3
21173,76.0
21175,105.3
21177,69.6
21179,81.4
21181,104.7
21183,78.4
21185,67.6
21187,70.2
21189,102.2
21191,72.8
21193,106.1
21195,76.7
21197,106.9
21199,75.8
21201,111.0
21203,81.9
21205,101.0
21207,75.7
21209,90.3
21211,66.5
21213,81.7
21215,65.0
21217,93.1
21219,99.7
21221,77.9
21223,67.0
21225,84.3
21227,80.9
21229,88.1
21231,71.0
21233,97.7
21235,108.5
21237,98.1
21239,69.0
22001,93.6
22003,106.1
22005,84.9
22007,79.0
22009,104.5
22011,96.6
22013,97.3
22015,90.2
22017,91.4
22019,121.3
22021,77.8
22023,106.2
22025,68.2
22027,90.7
22029,85.8
22031,95.1
22033,93.9
22035,105.3
22037,93.5
22039,103.4
22041,65.7
22043,108.0
22045,101.3
22047,104.1
22049,81.9
22051,76.9
22053,132.0
22055,93.3
22057,73.3
22059,95.3
22061,82.9
22063,90.2
22065,84.6
22067,163.0
22069,106.1
22071,77.8
22073,84.8
22075,77.8
22077,103.9
22079,104.2
22081,92.0
22083,83.7
22085,98.1
22087,79.8
22089,86.4
22091,89.5
22093,85.2
22095,94.4
22097,94.7
22099,91.5
22101,93.2
22103,69.5
22105,82.7
22107,81.7
22109,81.4
22111,99.0
22113,96.6
22115,90.5
22117,88.5
22119,116.8
22121,97.1
22123,92.0
22125,96.4
22127,91.2
25001,60.6
25003,56.7
25005,50.3
25007,63.0
25009,49.2
25011,60.7
25013,56.4
25015,59.9
25017,45.1
25019,63.0
25021,49.5
25023,50.1
25025,48.2
25027,61.1
24001,84.4
24003,96.3
24005,86.5
24009,57.7
24011,80.4
24013,87.5
24015,108.4
24017,57.5
24019,100.5
24021,68.3
24023,68.7
24025,75.9
24027,68.6
24029,93.7
24031,48.0
24033,89.9
24035,70.8
24037,58.1
24039,103.3
24041,58.1
24043,78.8
24045,121.2
24047,86.9
24510,103.2
23001,77.4
23003,64.1
23005,59.7
23007,78.0
23009,66.9
23011,80.9
23013,72.8
23015,80.7
23017,60.3
23019,65.4
23021,63.9
23023,73.9
23025,66.9
23027,73.3
23029,64.8
23031,58.4
26001,91.5
26003,69.3
26005,67.5
26007,96.5
26009,86.0
26011,66.8
26013,76.8
26015,73.5
26017,64.7
26019,78.6
26021,94.2
26023,77.3
26025,88.8
26027,82.5
26029,87.0
26031,92.0
26033,68.9
26035,94.9
26037,60.2
26039,75.9
26041,65.7
26043,80.1
26045,68.4
26047,86.6
26049,107.7
26051,92.7
26053,78.2
26055,92.3
26057,84.8
26059,68.9
26061,80.4
26063,60.5
26065,70.4
26067,68.5
26069,80.9
26071,75.1
26073,90.1
26075,70.9
26077,68.0
26079,83.6
26081,62.4
26083,75.9
26085,87.6
26087,86.8
26089,75.0
26091,68.3
26093,66.9
26095,69.4
26097,71.3
26099,71.2
26101,88.5
26103,72.2
26105,85.7
26107,90.1
26109,58.0
26111,76.5
26113,124.3
26115,66.0
26117,77.2
26119,97.2
26121,78.1
26123,80.8
26125,79.0
26127,84.6
26129,74.9
26131,84.4
26133,95.0
26135,97.3
26137,96.6
26139,68.3
26141,91.5
26143,57.4
26145,75.5
26147,71.6
26149,84.5
26151,66.5
26153,63.6
26155,111.0
26157,68.3
26159,81.4
26161,72.3
26163,78.4
26165,102.6
27001,65.8
27003,57.3
27005,64.9
27007,61.5
27009,67.7
27011,77.9
27013,67.3
27015,68.7
27017,74.2
27019,57.5
27021,59.0
27023,57.1
27025,62.0
27027,54.5
27029,66.5
27031,72.5
27033,75.6
27035,59.1
27037,62.9
27039,60.2
27041,57.0
27043,66.5
27045,59.4
27047,66.0
27049,59.8
27051,67.9
27053,61.7
27055,69.2
27057,58.9
27059,66.5
27061,69.8
27063,65.8
27065,62.7
27067,53.9
27069,67.3
27071,75.1
27073,61.7
27075,78.3
27077,71.6
27079,62.6
27081,68.0
27083,60.2
27085,50.2
27087,65.9
27089,67.0
27091,66.4
27093,52.2
27095,67.2
27097,57.4
27099,61.6
27101,78.2
27103,59.8
27105,67.5
27107,54.1
27109,56.5
27111,65.0
27113,66.5
27115,67.0
27117,70.5
27119,59.0
27121,56.2
27123,74.4
27125,65.8
27127,79.0
27129,55.9
27131,62.7
27133,71.2
27135,69.9
27137,74.7
27139,61.8
27141,61.4
27143,53.6
27145,54.2
27147,67.2
27149,68.1
27151,60.4
27153,55.2
27155,81.6
27157,54.9
27159,69.5
27161,67.8
27163,59.4
27165,65.4
27167,68.1
27169,60.9
27171,57.0
27173,62.7
29001,80.7
29003,62.1
29005,60.9
29007,80.2
29009,75.0
29011,74.8
29013,101.4
29015,82.2
29017,81.0
29019,77.9
29021,75.6
29023,90.2
29025,80.5
29027,72.8
29029,59.5
29031,76.2
29033,66.6
29035,86.7
29037,64.5
29039,83.9
29041,76.9
29043,66.4
29045,84.1
29047,64.8
29049,81.0
29051,68.0
29053,78.0
29055,72.6
29057,75.8
29059,67.0
29061,76.0
29063,73.5
29065,80.0
29067,77.7
29069,87.6
29071,71.4
29073,69.3
29075,76.4
29077,62.3
29079,77.8
29081,77.7
29083,70.8
29085,73.7
29087,55.6
29089,80.0
29091,85.4
29093,74.1
29095,73.9
29097,79.3
29099,80.3
29101,69.6
29103,89.0
29105,78.7
29107,72.6
29109,76.9
29111,83.0
29113,65.2
29115,71.4
29117,73.8
29119,72.8
29121,78.7
29123,77.9
29125,73.9
29127,84.4
29129,79.9
29131,60.2
29133,94.9
29135,71.0
29137,85.0
29139,73.3
29141,67.7
29143,95.3
29145,83.1
29147,56.3
29149,86.7
29151,67.1
29153,83.4
29155,92.1
29157,75.3
29159,74.9
29161,74.7
29163,76.2
29165,63.3
29167,74.9
29169,68.8
29171,81.5
29173,84.6
29175,81.7
29177,71.1
29179,89.8
29181,91.0
29183,59.2
29185,83.7
29186,76.8
29187,77.9
29189,83.2
29195,73.1
29197,79.5
29199,74.9
29201,86.6
29203,87.1
29205,92.3
29207,87.6
29209,72.3
29211,78.8
29213,70.4
29215,84.4
29217,77.1
29219,62.7
29221,73.4
29223,87.0
29225,71.2
29227,60.2
29229,86.6
29510,91.8
28001,108.5
28003,102.0
28005,86.4
28007,112.9
28009,86.4
28011,114.7
28013,96.5
28015,119.2
28017,103.2
28019,107.3
28021,116.0
28023,131.8
28025,106.8
28027,104.8
28029,94.2
28031,122.6
28033,75.0
28035,103.6
28037,99.3
28039,108.7
28041,84.7
28043,120.8
28045,85.7
28047,93.8
28049,125.9
28051,123.7
28053,121.8
28055,102.6
28057,107.4
28059,94.5
28061,78.8
28063,111.7
28065,85.4
28067,91.2
28069,101.6
28071,87.6
28073,68.8
28075,112.6
28077,98.7
28079,110.6
28081,118.8
28083,128.4
28085,126.4
28087,102.2
28089,125.5
28091,103.8
28093,85.5
28095,107.8
28097,107.8
28099,101.8
28101,99.1
28103,98.3
28105,104.9
28107,92.7
28109,83.3
28111,71.7
28113,119.7
28115,100.0
28117,109.4
28119,95.1
28121,72.2
28123,80.7
28125,94.8
28127,76.5
28129,80.0
28131,92.7
28133,124.3
28135,104.7
28137,77.7
28139,103.9
28141,96.0
28143,78.5
28145,101.8
28147,114.5
28149,114.9
28151,102.1
28153,72.7
28155,106.2
28157,112.3
28159,101.7
28161,95.5
28163,119.6
30001,60.5
30003,71.3
30005,75.9
30007,52.8
30009,71.5
30011,60.6
30013,52.5
30015,57.0
30017,57.7
30019,75.5
30021,58.6
30023,53.8
30025,62.0
30027,75.6
30029,59.2
30031,58.1
30033,63.6
30035,62.5
30037,72.4
30039,60.0
30041,35.7
30043,54.5
30045,58.9
30047,59.6
30049,55.4
30051,47.4
30053,68.1
30055,65.9
30057,59.0
30059,56.0
30061,59.5
30063,60.2
30065,73.3
30067,60.7
30069,77.3
30071,78.4
30073,61.0
30075,47.2
30077,56.5
30079,57.4
30081,58.5
30083,69.8
30085,67.3
30087,70.8
30089,63.2
30091,74.9
30093,52.0
30095,70.7
30097,63.5
30099,55.6
30101,79.0
30103,72.8
30105,72.8
30107,76.4
30109,60.3
30111,70.9
37001,81.4
37003,76.7
37005,64.5
37007,91.1
37009,61.0
37011,71.6
37013,84.2
37015,94.6
37017,81.4
37019,71.9
37021,78.4
37023,82.5
37025,75.8
37027,77.6
37029,83.1
37031,83.9
37033,63.9
37035,82.7
37037,67.7
37039,68.5
37041,99.1
37043,64.9
37045,87.3
37047,83.6
37049,70.8
37051,74.2
37053,81.9
37055,95.1
37057,84.2
37059,85.2
37061,98.2
37063,58.7
37065,150.1
37067,84.7
37069,90.5
37071,85.3
37073,80.3
37075,69.0
37077,77.8
37079,111.4
37081,85.5
37083,108.3
37085,80.0
37087,71.4
37089,75.5
37091,81.4
37093,92.2
37095,89.2
37097,81.8
37099,72.4
37101,83.6
37103,87.0
37105,77.3
37107,127.4
37109,80.8
37111,83.2
37113,74.2
37115,85.8
37117,102.6
37119,75.1
37121,72.0
37123,74.1
37125,69.0
37127,103.0
37129,94.1
37131,85.3
37133,91.5
37135,55.1
37137,72.6
37139,74.3
37141,88.6
37143,80.2
37145,61.2
37147,103.6
37149,77.2
37151,82.5
37153,122.8
37155,94.0
37157,84.3
37159,83.8
37161,92.8
37163,85.8
37165,77.4
37167,79.7
37169,85.1
37171,80.0
37173,68.4
37175,76.3
37177,84.4
37179,73.3
37181,91.7
37183,82.6
37185,91.4
37187,88.5
37189,54.7
37191,112.5
37193,62.8
37195,91.8
37197,78.5
37199,75.7
38001,55.0
38003,74.7
38005,73.4
38007,56.0
38009,74.4
38011,100.7
38013,60.0
38015,72.9
38017,50.2
38019,82.8
38021,61.9
38023,65.8
38025,47.2
38027,102.1
38029,77.8
38031,82.0
38033,
38035,59.1
38037,62.8
38039,88.5
38041,44.3
38043,72.7
38045,68.4
38047,63.5
38049,56.3
38051,57.9
38053,70.9
38055,61.3
38057,64.5
38059,78.5
38061,70.6
38063,109.8
38065,73.6
38067,69.6
38069,69.3
38071,115.9
38073,58.2
38075,57.6
38077,56.5
38079,76.0
38081,64.2
38083,70.1
38085,81.5
38087,46.1
38089,52.9
38091,51.0
38093,78.8
38095,73.1
38097,56.4
38099,76.5
38101,56.2
38103,70.7
38105,72.5
31001,50.3
31003,64.0
31005,
31007,55.3
31009,58.9
31011,73.4
31013,49.9
31015,62.1
31017,44.8
31019,50.7
31021,63.6
31023,68.0
31025,63.4
31027,56.8
31029,47.3
31031,38.3
31033,50.9
31035,60.6
31037,63.0
31039,62.5
31041,47.5
31043,65.8
31045,61.1
31047,46.9
31049,49.7
31051,57.9
31053,64.7
31055,63.3
31057,50.8
31059,68.5
31061,49.1
31063,45.5
31065,51.2
31067,66.9
31069,57.5
31071,63.7
31073,51.4
31075,62.2
31077,74.0
31079,70.0
31081,61.6
31083,51.9
31085,38.9
31087,37.7
31089,55.1
31091,
31093,64.5
31095,63.5
31097,67.7
31099,45.1
31101,39.9
31103,60.6
31105,68.3
31107,58.8
31109,66.0
31111,45.2
31113,45.4
31115,65.8
31117,39.0
31119,62.5
31121,70.2
31123,49.8
31125,75.8
31127,70.7
31129,53.5
31131,67.3
31133,71.6
31135,42.3
31137,49.4
31139,59.4
31141,67.3
31143,68.6
31145,52.2
31147,79.7
31149,60.6
31151,68.8
31153,62.8
31155,64.5
31157,42.8
31159,68.4
31161,67.9
31163,51.8
31165,49.4
31167,59.7
31169,61.0
31171,
31173,63.0
31175,61.9
31177,65.0
31179,61.1
31181,47.3
31183,63.5
31185,67.0
33001,59.3
33003,59.0
33005,57.2
33007,60.2
33009,59.4
33011,50.2
33013,53.9
33015,50.9
33017,55.8
33019,54.0
34001,59.1
34003,46.9
34005,67.7
34007,69.5
34009,75.3
34011,82.4
34013,57.6
34015,67.5
34017,53.9
34019,50.3
34021,58.4
34023,54.4
34025,60.3
34027,56.2
34029,58.2
34031,59.2
34033,84.3
34035,53.4
34037,54.0
34039,62.6
34041,52.8
35001,70.5
35003,64.4
35005,44.1
35006,71.6
35007,41.4
35009,67.0
35011,51.7
35013,68.0
35015,61.5
35017,57.0
35019,65.4
35021,51.8
35023,63.1
35025,79.2
35027,53.2
35028,48.2
35029,69.2
35031,73.9
35033,46.7
35035,57.0
35037,71.0
35039,65.8
35041,51.2
35043,75.1
35045,73.3
35047,44.1
35049,48.7
35051,63.5
35053,62.7
35055,41.2
35057,67.0
35059,58.9
35061,70.2
32001,76.7
32003,69.6
32005,73.0
32007,68.4
32009,64.2
32011,67.4
32013,73.4
32015,69.7
32017,68.8
32019,80.2
32021,80.6
32023,69.5
32027,74.6
32029,77.6
32031,75.0
32033,64.5
32510,78.0
36001,50.7
36003,57.4
36005,48.8
36007,56.5
36009,64.5
36011,59.8
36013,66.2
36015,77.6
36017,57.3
36019,57.9
36021,48.3
36023,59.1
36025,54.2
36027,47.1
36029,65.2
36031,52.8
36033,54.1
36035,57.4
36037,61.5
36039,49.6
36041,55.8
36043,55.9
36045,75.8
36047,35.8
36049,64.9
36051,56.9
36053,58.4
36055,57.4
36057,56.9
36059,43.6
36061,32.3
36063,65.7
36065,57.3
36067,60.2
36069,57.8
36071,48.5
36073,58.7
36075,61.4
36077,55.5
36079,45.7
36081,38.5
36083,52.5
36085,30.7
36087,47.4
36089,59.1
36091,56.0
36093,58.8
36095,53.1
36097,73.0
36099,61.1
36101,59.8
36103,46.8
36105,49.9
36107,47.2
36109,59.1
36111,48.4
36113,56.5
36115,55.5
36117,58.0
36119,45.9
36121,63.7
36123,61.9
39001,91.7
39003,80.8
39005,76.4
39007,70.6
39009,73.1
39011,83.0
39013,60.5
39015,99.9
39017,98.0
39019,78.4
39021,92.8
39023,113.2
39025,98.2
39027,98.0
39029,75.8
39031,73.9
39033,82.6
39035,71.1
39037,88.3
39039,81.9
39041,64.5
39043,77.9
39045,73.4
39047,84.3
39049,87.1
39051,79.8
39053,98.8
39055,71.0
39057,97.1
39059,70.7
39061,93.7
39063,73.9
39065,79.4
39067,72.2
39069,68.9
39071,86.1
39073,70.2
39075,77.0
39077,81.7
39079,92.3
39081,77.9
39083,71.9
39085,70.0
39087,101.6
39089,74.1
39091,85.8
39093,76.2
39095,91.6
39097,80.6
39099,74.0
39101,70.2
39103,72.2
39105,90.6
39107,71.2
39109,106.2
39111,67.8
39113,119.9
39115,73.5
39117,67.0
39119,72.5
39121,71.4
39123,85.9
39125,80.4
39127,69.5
39129,82.4
39131,81.5
39133,72.2
39135,106.4
39137,71.0
39139,77.2
39141,79.1
39143,78.0
39145,82.5
39147,78.7
39149,91.1
39151,75.3
39153,74.1
39155,72.6
39157,79.1
39159,76.1
39161,79.8
39163,80.4
39165,102.0
39167,76.2
39169,74.6
39171,65.8
39173,81.1
39175,75.2
40001,62.7
40003,93.8
40005,64.8
40007,69.4
40009,79.5
40011,80.7
40013,71.3
40015,84.9
40017,76.6
40019,69.1
40021,77.0
40023,74.5
40025,60.3
40027,75.2
40029,68.3
40031,64.2
40033,83.7
40035,73.3
40037,81.8
40039,88.9
40041,69.6
40043,87.3
40045,71.8
40047,85.6
40049,84.4
40051,76.8
40053,91.9
40055,73.0
40057,72.4
40059,64.3
40061,88.8
40063,72.6
40065,68.4
40067,101.3
40069,64.1
40071,90.8
40073,79.8
40075,85.6
40077,82.1
40079,90.4
40081,81.1
40083,78.7
40085,76.5
40087,85.5
40089,90.5
40091,82.8
40093,87.4
40095,63.0
40097,67.8
40099,73.9
40101,96.5
40103,79.6
40105,71.5
40107,81.9
40109,81.1
40111,81.0
40113,83.0
40115,82.3
40117,81.8
40119,75.8
40121,74.0
40123,79.0
40125,90.1
40127,78.9
40129,87.2
40131,67.9
40133,84.9
40135,86.9
40137,88.1
40139,64.7
40141,62.5
40143,83.6
40145,73.8
40147,79.2
40149,90.8
40151,88.2
40153,68.8
41001,61.3
41003,76.5
41005,77.1
41007,70.0
41009,74.5
41011,76.0
41013,129.8
41015,76.7
41017,66.1
41019,77.8
41021,79.1
41023,62.8
41025,73.1
41027,81.2
41029,76.2
41031,83.5
41033,74.6
41035,79.8
41037,75.8
41039,78.7
41041,76.1
41043,77.0
41045,66.3
41047,77.2
41049,69.1
41051,82.7
41053,75.9
41055,78.6
41057,70.7
41059,69.6
41061,63.3
41063,61.3
41065,77.7
41067,72.4
41069,98.7
41071,74.5
42001,55.8
42003,65.3
42005,66.1
42007,71.8
42009,77.6
42011,80.8
42013,64.6
42015,50.8
42017,64.4
42019,66.7
42021,64.3
42023,57.2
42025,59.3
42027,55.3
42029,70.7
42031,70.9
42033,62.6
42035,53.4
42037,64.1
42039,70.1
42041,65.4
42043,58.3
42045,81.9
42047,63.8
42049,69.3
42051,64.4
42053,65.1
42055,61.5
42057,75.4
42059,71.5
42061,64.9
42063,65.3
42065,69.5
42067,60.4
42069,60.6
42071,75.0
42073,72.3
42075,69.5
42077,60.8
42079,62.6
42081,63.5
42083,58.1
42085,69.9
42087,58.9
42089,54.9
42091,85.1
42093,61.6
42095,52.5
42097,59.6
42099,59.3
42101,81.6
42103,51.1
42105,61.7
42107,69.4
42109,58.1
42111,62.5
42113,61.9
42115,56.9
42117,68.3
42119,54.0
42121,69.4
42123,65.5
42125,72.8
42127,57.2
42129,64.1
42131,61.6
42133,82.2
44001,53.8
44003,55.9
44005,48.8
44007,56.0
44009,56.2
45001,78.6
45003,80.5
45005,103.6
45007,73.7
45009,97.9
45011,86.6
45013,50.8
45015,80.3
45017,75.9
45019,78.9
45021,91.7
45023,92.4
45025,109.1
45027,113.2
45029,104.5
45031,164.9
45033,136.2
45035,91.6
45037,76.7
45039,72.6
45041,163.1
45043,95.0
45045,77.0
45047,81.2
45049,91.1
45051,91.7
45053,74.8
45055,76.7
45057,70.3
45059,99.5
45061,144.2
45063,74.3
45065,71.3
45067,126.9
45069,111.7
45071,77.8
45073,82.1
45075,88.8
45077,76.0
45079,66.7
45081,76.3
45083,91.7
45085,99.1
45087,94.3
45089,122.8
45091,89.1
46003,62.2
46005,68.8
46007,70.2
46009,60.4
46011,78.0
46013,67.8
46015,67.1
46017,79.7
46019,64.3
46021,74.8
46023,63.3
46025,64.5
46027,53.6
46029,61.4
46031,64.9
46033,69.9
46035,87.5
46037,67.4
46039,63.3
46041,47.0
46043,69.2
46045,66.0
46047,67.6
46049,68.0
46051,73.5
46053,83.4
46055,57.1
46057,60.1
46059,77.8
46061,87.8
46063,73.2
46065,70.2
46067,73.0
46069,70.7
46071,55.6
46073,66.3
46075,75.6
46077,73.1
46079,70.1
46081,56.9
46083,40.8
46085,78.3
46087,70.7
46089,64.9
46091,67.1
46093,58.0
46095,78.1
46097,72.6
46099,68.0
46101,72.4
46102,42.1
46103,56.9
46105,62.4
46107,62.4
46109,76.1
46111,77.8
46115,71.8
46117,63.3
46119,62.7
46121,59.1
46123,62.1
46125,62.1
46127,59.4
46129,65.1
46135,66.1
46137,56.6
47001,78.8
47003,81.5
47005,98.0
47007,80.9
47009,69.6
47011,91.0
47013,86.5
47015,85.9
47017,95.2
47019,71.0
47021,97.4
47023,91.4
47025,90.4
47027,96.1
47029,80.3
47031,78.4
47033,88.5
47035,68.4
47037,82.9
47039,95.3
47041,98.4
47043,96.1
47045,86.1
47047,92.2
47049,75.0
47051,87.0
47053,90.1
47055,97.6
47057,85.6
47059,84.9
47061,82.9
47063,83.4
47065,87.5
47067,90.8
47069,93.6
47071,94.0
47073,72.7
47075,88.2
47077,92.9
47079,95.0
47081,92.0
47083,96.3
47085,84.1
47087,92.2
47089,77.9
47091,68.5
47093,73.0
47095,89.0
47097,83.5
47099,97.6
47101,86.3
47103,89.1
47105,63.6
47107,94.4
47109,96.2
47111,103.1
47113,93.1
47115,89.2
47117,89.7
47119,101.7
47121,88.7
47123,75.0
47125,102.5
47127,82.2
47129,79.1
47131,87.0
47133,81.7
47135,99.5
47137,73.1
47139,90.9
47141,80.0
47143,75.6
47145,72.1
47147,93.5
47149,80.7
47151,72.4
47153,89.2
47155,71.7
47157,97.6
47159,96.5
47161,93.5
47163,71.9
47165,82.6
47167,95.0
47169,94.2
47171,72.4
47173,76.4
47175,88.0
47177,98.1
47179,71.7
47181,84.3
47183,95.6
47185,94.2
47187,80.7
47189,80.8
48001,88.1
48003,78.9
48005,140.3
48007,61.7
48009,100.7
48011,89.5
48013,83.0
48015,60.9
48017,67.1
48019,81.0
48021,69.8
48023,100.9
48025,85.3
48027,66.3
48029,82.9
48031,65.7
48033,71.6
48035,89.9
48037,104.0
48039,77.0
48041,71.3
48043,53.8
48045,82.4
48047,61.8
48049,88.8
48051,70.0
48053,69.1
48055,71.6
48057,67.7
48059,90.8
48061,55.2
48063,85.2
48065,72.8
48067,101.1
48069,56.4
48071,80.4
48073,82.5
48075,81.3
48077,101.9
48079,70.1
48081,83.1
48083,90.8
48085,67.0
48087,81.9
48089,67.8
48091,68.2
48093,84.3
48095,80.1
48097,91.0
48099,81.3
48101,79.6
48103,73.5
48105,67.5
48107,87.6
48109,58.5
48111,59.4
48113,91.4
48115,73.4
48117,55.1
48119,93.6
48121,73.1
48123,78.9
48125,112.5
48127,73.6
48129,88.1
48131,72.5
48133,85.1
48135,77.0
48137,74.1
48139,91.8
48141,56.7
48143,76.2
48145,91.1
48147,85.1
48149,70.6
48151,87.6
48153,82.7
48155,96.7
48157,64.7
48159,86.7
48161,86.9
48163,88.8
48165,71.6
48167,87.2
48169,84.8
48171,58.5
48173,67.9
48175,71.3
48177,76.7
48179,93.4
48181,87.8
48183,96.2
48185,70.6
48187,59.8
48189,81.9
48191,81.8
48193,80.2
48195,69.4
48197,76.2
48199,75.6
48201,78.7
48203,90.6
48205,85.0
48207,77.8
48209,67.3
48211,81.3
48213,82.2
48215,47.7
48217,94.9
48219,80.2
48221,86.9
48223,94.7
48225,93.7
48227,65.2
48229,56.2
48231,90.1
48233,82.9
48235,78.9
48237,89.4
48239,80.1
48241,114.1
48243,55.6
48245,89.4
48247,72.6
48249,80.6
48251,90.5
48253,86.9
48255,85.4
48257,92.4
48259,67.1
48261,48.6
48263,96.5
48265,67.1
48267,68.0
48269,79.5
48271,81.0
48273,79.5
48275,81.6
48277,89.8
48279,79.6
48281,74.1
48283,73.1
48285,67.6
48287,68.0
48289,77.8
48291,87.8
48293,90.6
48295,71.7
48297,87.8
48299,66.7
48301,73.2
48303,81.9
48305,80.1
48307,95.6
48309,93.0
48311,72.8
48313,78.2
48315,92.3
48317,70.3
48319,65.1
48321,86.5
48323,73.5
48325,83.5
48327,80.1
48329,75.9
48331,67.5
48333,84.3
48335,87.1
48337,100.0
48339,74.4
48341,75.2
48343,102.2
48345,98.7
48347,95.2
48349,95.2
48351,89.5
48353,85.3
48355,80.2
48357,68.7
48359,82.3
48361,92.8
48363,85.7
48365,88.5
48367,89.6
48369,65.9
48371,58.1
48373,134.3
48375,89.3
48377,54.4
48379,104.1
48381,53.8
48383,75.8
48385,75.1
48387,95.0
48389,61.5
48391,73.4
48393,78.1
48395,72.7
48397,92.8
48399,82.3
48401,78.7
48403,96.4
48405,118.0
48407,69.8
48409,81.2
48411,85.7
48413,76.6
48415,75.1
48417,78.0
48419,89.8
48421,64.4
48423,71.9
48425,84.5
48427,53.8
48429,81.8
48431,87.0
48433,79.5
48435,69.5
48437,61.9
48439,90.1
48441,87.5
48443,66.4
48445,79.8
48447,86.1
48449,85.8
48451,79.0
48453,67.3
48455,107.2
48457,77.4
48459,89.6
48461,73.8
48463,82.6
48465,69.6
48467,81.9
48469,67.5
48471,76.8
48473,70.3
48475,75.0
48477,65.0
48479,71.5
48481,86.2
48483,82.1
48485,103.2
48487,99.2
48489,52.7
48491,67.1
48493,78.6
48495,82.5
48497,84.9
48499,74.3
48501,66.7
48503,89.8
48505,69.1
48507,85.3
49001,70.1
49003,71.6
49005,66.0
49007,65.9
49009,53.9
49011,74.5
49013,65.8
49015,55.9
49017,67.2
49019,63.4
49021,64.4
49023,68.9
49025,63.5
49027,63.0
49029,72.7
49031,76.2
49033,62.9
49035,72.3
49037,63.8
49039,68.1
49041,64.9
49043,63.8
49045,71.3
49047,57.0
49049,71.4
49051,67.3
49053,65.6
49055,61.7
49057,71.1
51001,92.1
51003,61.7
51005,72.0
51007,80.5
51009,91.5
51011,86.1
51013,53.6
51015,63.2
51017,66.7
51019,90.3
51021,76.3
51023,74.2
51025,95.5
51027,73.2
51029,73.8
51031,82.0
51033,73.9
51035,78.9
51036,77.3
51037,94.5
51041,80.4
51043,79.4
51045,74.0
51047,61.7
51049,71.5
51051,72.0
51053,85.9
51057,74.3
51059,51.6
51061,65.0
51063,74.7
51065,62.2
51067,76.0
51069,72.7
51071,76.1
51073,75.5
51075,77.0
51077,73.2
51079,68.0
51081,91.1
51083,90.9
51085,79.6
51087,79.4
51089,76.9
51091,61.0
51093,80.7
51095,72.8
51097,78.0
51099,70.4
51101,82.8
51103,96.5
51105,80.8
51107,49.9
51109,61.6
51111,100.9
51113,69.2
51115,89.9
51117,97.8
51119,82.8
51121,79.1
51125,71.6
51127,78.0
51131,96.8
51133,82.8
51135,91.5
51137,59.9
51139,90.5
51141,77.9
51143,77.7
51145,78.3
51147,90.5
51149,77.8
51153,66.5
51155,82.0
51157,52.6
51159,83.9
51161,77.2
51163,70.9
51165,62.9
51167,72.9
51169,73.4
51171,70.4
51173,72.1
51175,86.5
51177,61.1
51179,65.6
51181,78.9
51183,85.1
51185,68.9
51187,99.3
51191,74.4
51193,72.0
51195,77.2
51197,75.3
51199,72.0
51510,49.5
51520,73.9
51530,68.7
51540,60.9
51550,90.5
51570,90.7
51580,87.5
51590,78.6
51595,116.8
51600,61.3
51610,54.9
51620,134.9
51630,61.7
51640,106.2
51650,78.1
51660,91.8
51670,78.3
51678,69.9
51680,124.3
51683,73.3
51685,69.2
51690,172.2
51700,81.3
51710,102.8
51720,72.3
51730,97.9
51735,72.3
51740,94.6
51750,95.2
51760,79.8
51770,82.5
51775,73.1
51790,61.9
51800,87.2
51810,82.9
51820,64.0
51830,65.3
51840,72.4
50001,56.5
50003,58.0
50005,57.2
50007,52.2
50009,59.7
50011,52.4
50013,54.0
50015,53.4
50017,58.2
50019,56.4
50021,59.6
50023,56.0
50025,57.1
50027,60.1
53001,77.7
53003,75.6
53005,69.8
53007,59.1
53009,72.5
53011,78.7
53013,77.9
53015,78.5
53017,61.2
53019,73.1
53021,74.9
53023,62.3
53025,72.3
53027,70.7
53029,61.9
53031,74.0
53033,57.7
53035,85.8
53037,60.9
53039,67.7
53041,74.7
53043,73.6
53045,76.1
53047,72.8
53049,74.0
53051,74.2
53053,91.5
53055,54.4
53057,67.0
53059,76.0
53061,60.8
53063,72.8
53065,72.3
53067,71.2
53069,75.3
53071,72.8
53073,57.8
53075,75.2
53077,62.8
55001,59.3
55003,85.5
55005,61.0
55007,63.9
55009,57.2
55011,66.0
55013,66.2
55015,67.5
55017,67.0
55019,64.1
55021,62.8
55023,59.7
55025,53.3
55027,62.8
55029,50.4
55031,66.1
55033,62.7
55035,65.5
55037,66.5
55039,67.9
55041,63.9
55043,65.2
55045,67.7
55047,64.4
55049,73.1
55051,72.6
55053,68.7
55055,63.9
55057,65.8
55059,78.5
55061,56.3
55063,67.9
55065,66.8
55067,64.4
55069,61.6
55071,69.0
55073,62.8
55075,56.9
55077,58.3
55078,71.1
55079,66.5
55081,69.5
55083,59.6
55085,60.5
55087,62.6
55089,60.9
55091,66.4
55093,61.0
55095,60.2
55097,59.0
55099,64.7
55101,70.5
55103,68.6
55105,68.1
55107,63.8
55109,57.0
55111,69.2
55113,70.0
55115,62.3
55117,70.5
55119,60.0
55121,71.0
55123,68.9
55125,66.5
55127,63.5
55129,66.5
55131,64.7
55133,62.1
55135,63.5
55137,60.1
55139,64.7
55141,58.8
54001,63.2
54003,79.6
54005,94.4
54007,70.0
54009,77.8
54011,89.5
54013,67.2
54015,91.2
54017,66.3
54019,91.8
54021,72.4
54023,69.8
54025,82.7
54027,70.5
54029,76.6
54031,67.8
54033,62.8
54035,89.5
54037,68.6
54039,90.6
54041,64.5
54043,89.3
54045,96.6
54047,69.9
54049,61.4
54051,72.9
54053,91.8
54055,77.0
54057,78.6
54059,90.3
54061,63.2
54063,75.5
54065,77.1
54067,90.2
54069,76.7
54071,65.8
54073,78.9
54075,77.6
54077,61.0
54079,90.8
54081,90.0
54083,69.6
54085,78.8
54087,91.0
54089,81.9
54091,60.5
54093,65.8
54095,72.9
54097,67.9
54099,79.8
54101,76.7
54103,64.6
54105,80.1
54107,80.3
54109,90.4
56001,65.7
56003,69.9
56005,34.9
56007,60.3
56009,67.5
56011,40.1
56013,62.6
56015,54.1
56017,67.4
56019,70.2
56021,67.6
56023,58.0
56025,64.0
56027,68.2
56029,62.5
56031,59.9
56033,63.0
56035,44.1
56037,57.7
56039,48.2
56041,52.8
56043,66.3
56045,60.0
